player,elo_global,elo_clay,elo_hard,elo_grass
Sabalenka A.,2154.0315788641324,1919.3393489308255,2092.4045870697914,1802.5181477554834
Barty A.,2149.855340507942,1755.2197723274708,2093.2975296329782,1891.4261421408062
Swiatek I.,2062.695833089369,1984.0369925338987,1967.7482939727604,1878.8313011623884
Rybakina E.,2056.708233169419,1810.517374675316,1989.143640047429,1770.253371758461
Anisimova A.,2042.4828420808826,1649.219272061552,1943.8595692185643,1795.9943747534253
Gauff C.,2013.7679157198136,1903.0486925533824,1931.890439630098,1631.6317843268396
Henin J.,1986.381284533688,1720.9167362230673,1934.837900294628,1736.144080294875
Li N.,1985.2005319831192,1729.3160215556638,2059.8835829533623,1708.472920569501
Pegula J.,1963.1897723743368,1697.870714688673,1929.8813004301894,1704.3591104889497
Paolini J.,1907.2356733390936,1766.5920798465504,1828.8717166106562,1670.5818862254996
Bencic B.,1887.2197851685314,1647.9447403889135,1844.1073645884583,1725.7080900642081
Zheng Q.,1885.4654664051636,1754.3526117272122,1846.1336081944942,1477.4996177670766
Vondrousova M.,1878.0746796044173,1693.4168062074405,1782.5802291306056,1735.1058109871508
Keys M.,1865.196860104827,1764.3892644686878,1867.982663319598,1696.075457208776
Muchova K.,1862.3722361800342,1694.2522551101308,1867.1905834054353,1556.5495579655078
Svitolina E.,1860.9665908948837,1822.5203626687355,1780.2874263870192,1704.9712051249237
Noskova L.,1857.9153574083286,1528.9302217666307,1807.310207213496,1635.3532952495596
Alexandrova E.,1854.967488251669,1656.9390147165077,1775.1762155441513,1726.5264849232149
Osaka N.,1854.4907219768713,1590.0076020831991,1831.8449390206322,1569.5220620996254
Dementieva E.,1844.0163247783019,1701.5907310978826,1805.7714460590037,1722.6446623013105
Krejcikova B.,1833.7850780907963,1587.855954768065,1807.2579257408509,1737.8479189271172
Andreeva M.,1830.8583382878294,1740.8262164206103,1814.183823921286,1602.5975742387018
Pennetta F.,1826.763961460385,1617.776314297334,1826.6869496183797,1518.7713716092098
Halep S.,1820.3277896230522,1820.0255336334765,1750.5881239649925,1855.8177763146414
Williams S.,1811.6694572270405,1831.143051930637,1909.861267361604,1900.890081604451
Badosa P.,1801.5405965543068,1712.4780305067015,1794.9354083736691,1640.3440320904117
Bartoli M.,1800.7039310574758,1573.0777471956692,1698.9379440305588,1861.3557981236427
Fernandez L.A.,1798.7617572676872,1535.0819591395793,1772.4749938843324,1582.8284473825274
Clijsters K.,1791.8587423640092,1485.0770652351232,1804.3200309234098,1669.3894177480238
Kalinskaya A.,1788.944566687752,1540.7118629209103,1727.2317578092145,1565.5721984877225
Mboko V.,1782.4949703052218,1535.8858272993002,1715.227645383594,1497.545600718156
Brady J.,1778.8000237476367,1527.338769072132,1761.7964567163513,1515.503186694293
Raducanu E.,1776.741044359016,1584.0570789568117,1700.8923521552913,1654.4454876107516
Kostyuk M.,1773.4623174888613,1584.163675999151,1768.7489569749553,1497.3238240766004
Davenport L.,1769.263383295545,1539.6872235406843,1761.9680591403892,1498.4050204090718
Navarro E.,1766.4105514264515,1562.062979392333,1720.6410840049293,1723.278260353369
Samsonova L.,1763.5055561908105,1666.207429264602,1650.2665735305372,1708.8450350380456
Mauresmo A.,1762.0327162108483,1566.173052789216,1708.6886043191778,1630.7314831368255
Wozniacki C.,1761.6623699244467,1637.729264056351,1743.8113415922787,1714.2558588180377
Tauson C.,1758.3428629704583,1573.9776087868802,1699.2493888506701,1552.1237962692862
Riske A.,1757.7396583238492,1469.6174597747456,1743.2803210429918,1639.6841143216805
Cirstea S.,1746.8838502180681,1542.570343275436,1744.007962376624,1451.3564169072456
Sharapova M.,1746.1564344892743,1908.6436019889343,1744.3920976937773,1691.3038180051688
Bouzkova M.,1745.0154252359628,1593.5792255428228,1669.3273292801393,1569.460901526382
Zahlavova Strycova B.,1743.924036475359,1466.9579166305937,1686.0804608017588,1682.3517652474795
Hampton J.,1743.2261778361744,1548.154190562806,1672.8932314219442,1554.8386420573088
Mertens E.,1742.4265791245064,1668.3541392506331,1667.6391296375477,1675.805173912979
Collins D.,1741.124252202433,1730.3825204383597,1671.7600360301703,1574.6799249936798
Kessler M.,1737.2433153327431,1432.3770350483187,1702.4786554053246,1577.2152446009147
Potapova A.,1732.0476814965205,1661.4146995719395,1675.1081311839807,1507.3195294756076
Townsend T.,1730.2339194030042,1490.8424262379397,1720.9760133173172,1404.2374994039099
Joint M.,1727.1891503075065,1536.5086964452223,1652.1336213060347,1590.2855975202199
Zakopalova K.,1724.7277180583585,1619.3473071105307,1665.5395408663724,1602.3431947061013
Cristian J.,1722.7140451404289,1631.907046931372,1652.9797029423778,1402.386328890621
Goerges J.,1721.8782870713267,1526.6031072325677,1718.3688133141252,1714.5314544468656
Li A.,1721.8722384433906,1530.804841829974,1672.120540971203,1495.3933207721398
Shnaider D.,1720.8231941615672,1621.441631122801,1664.2755261481607,1646.5938692209184
Pavlyuchenkova A.,1718.9138510409487,1603.974219865349,1674.0231131042046,1632.3221263716805
Konta J.,1718.6937340799861,1609.2176994752106,1653.7990606589824,1791.3174469250873
Lys E.,1718.519361016982,1518.1302254092732,1677.9132356740854,1465.120212842259
Safarova L.,1714.4319039952852,1638.467837946562,1685.1995503244116,1684.7122555874316
Siegemund L.,1711.7905902486084,1533.2529414459395,1656.641259643611,1582.9565354694732
Yastremska D.,1711.7615166430685,1573.917659196069,1610.1543234394887,1622.8649538479349
Boisson L.,1711.5022261853123,1674.4656632419794,1510.6476074656007,1500.0
Azarenka V.,1710.615888855933,1649.8363281265124,1729.4572449414356,1624.497246848969
Kleybanova A.,1704.7015995915501,1540.79517361423,1712.5870126851487,1554.056659288309
Cibulkova D.,1703.7110288967622,1612.506751798714,1692.447921929938,1701.2746754515567
Kudermetova V.,1702.9787942573757,1627.2688736923883,1641.947834576453,1586.359692245735
Haddad Maia B.,1701.5407836954544,1614.3063307317248,1622.6730341278128,1629.9020195146852
Safina D.,1697.731181322741,1725.0752268194115,1669.8656034641867,1686.7869444381467
Siniakova K.,1694.7681090381761,1518.0804404376647,1653.3417870938592,1606.0585627555095
Radwanska A.,1691.7867300282853,1663.0502490592337,1655.6494062668157,1736.10640819503
Groth J.,1690.7615632371203,1583.494523930865,1602.8674348749778,1575.0722787454993
Jabeur O.,1690.6573376853419,1705.8078343969366,1689.3997310452735,1694.5870019339177
Bouzas Maneiro J.,1681.0946981623467,1542.3072921741318,1570.2846033447715,1595.206862800612
Giorgi C.,1681.0856157160172,1576.1651372428107,1663.3750290172038,1600.8607110580979
Golovin T.,1679.3822436703213,1561.3458964340161,1645.5320910639543,1501.4912118876753
Kartal S.,1674.5895655635609,1501.198748474855,1603.2974051121903,1573.573740740299
Kasatkina D.,1670.0005707833411,1681.031337282757,1644.1400234531513,1640.509534327529
Danilovic O.,1669.419435651539,1667.3884530020737,1537.550156665994,1459.259844794556
Kerber A.,1668.85611045486,1642.5053064929032,1693.735376256491,1697.8041039973862
Pliskova Ka.,1668.1771156511586,1604.713108947131,1673.3401400533278,1635.7929080717256
Bucsa C.,1667.279445779385,1447.1182391844359,1627.8109950924422,1511.3549484623454
Pironkova T.,1665.5435127606122,1587.9908320782743,1587.3156102045104,1553.556025595284
Kenin S.,1665.2378611034856,1670.7012699464337,1614.0162377869751,1507.8267472075522
Kontaveit A.,1664.6457097130005,1648.5281312513205,1733.3911326482207,1548.1882231342756
Andreescu B.,1662.863946671992,1607.5737161229465,1603.7915606825015,1580.0662486836954
Bellis C.,1661.2842644939772,1540.8200804122043,1644.8198971233435,1519.7477641384462
Ostapenko J.,1657.4902456979494,1692.3534401392924,1595.9709683663925,1675.4302607744285
Jovic I.,1655.357693224385,1509.4074055681303,1630.977709754136,1468.6263997591034
Baptiste H.,1652.7120667795684,1564.5896720788332,1543.4868261699285,1510.0558443895177
Vekic D.,1652.1749748720408,1544.8024835174006,1628.3835630258131,1647.570375095321
Valentova T.,1650.8019194709009,1513.0684397837492,1620.7416320906996,1500.0
Blinkova A.,1650.1059013238926,1466.4733666898742,1631.6224393088175,1548.9610541333257
Kirilenko M.,1649.4001074978446,1591.0107864265715,1703.3542203655031,1550.5322629416607
Sakkari M.,1649.138263638791,1646.5785299127888,1618.257540743239,1583.8261118134142
Bertens K.,1648.3184180140454,1702.5334816026634,1752.8475828204007,1581.0583265126245
Vesnina E.,1646.1254274174325,1567.0415721273723,1607.6615403331566,1690.299179774255
Lucic-Baroni M.,1645.598087175056,1595.3155704679027,1624.1423706900582,1439.3655781680443
Frech M.,1644.9743719433839,1544.3614964388591,1606.4365483863887,1464.340904167995
Razzano V.,1642.1626648433723,1600.995879143411,1518.4231926902064,1462.5406289353973
Sramkova R.,1640.3827072444267,1519.499655808103,1597.0046754969528,1511.9888647732253
Muguruza G.,1638.75469281324,1680.7991489355372,1691.6815140590875,1613.017002921271
Sevastova A.,1638.3719336687452,1604.7903377928471,1598.0464684193814,1548.8808492600988
Suarez Navarro C.,1637.4806371525106,1652.7413823905456,1639.0727353419597,1590.2941645145834
Mattek B.,1635.890016356104,1480.5934410462335,1573.8862529076305,1607.6721864368385
Kuznetsova S.,1634.000210994442,1581.989765081366,1696.7443727809555,1535.4037604552232
Masarova R.,1633.3420499362219,1512.6012007626725,1567.201827229191,1475.8773406740768
Zhang S.,1632.7624332227008,1403.3672742981034,1633.9013766929131,1500.7464283469442
Ivanovic A.,1631.7545243772477,1718.4582467679568,1673.4612424347004,1604.7440717043146
Sun L.,1631.09228448789,1482.0071304280611,1572.42175147937,1552.8086614883425
Krueger A.,1629.602473062285,1505.3171990956719,1605.8019359439456,1482.6297906630625
Tjen J.,1628.8431618967766,1500.0,1618.850841888129,1500.0
Kvitova P.,1628.2456985766564,1594.9076244511575,1685.5890350962552,1750.122757176183
Wang Xin.,1625.1194090858748,1491.1262050240043,1549.0001465912721,1606.664225858402
Begu I.,1624.4105856186152,1648.6415917084041,1498.925066064108,1495.973745029351
McNally C.,1621.0371595034067,1503.560367268987,1565.5209518046784,1539.0624327621965
Gracheva V.,1617.459111124512,1517.6433301154868,1539.2740495869548,1525.614821437351
Martinez-Sanchez M.J.,1616.6542294564094,1625.7411892461985,1600.0067647121673,1539.8683746589704
Gasparyan M.,1615.5081034127147,1427.526473055433,1617.3016077045108,1489.9426134255439
Stearns P.,1613.798191654623,1647.0980531630582,1542.861230184221,1415.1488560423086
Golubic V.,1613.7467429936787,1456.768628845895,1573.1851783816874,1469.88130701271
Petkovic A.,1612.9064457127695,1548.9949655542825,1581.2400707591928,1462.1469913668398
Linette M.,1612.7220622756859,1627.4485188323026,1588.471459639518,1473.1998017750818
Ruse E.G.,1611.8875904123895,1549.7192944012809,1519.3362633142694,1524.385138767107
Parry D.,1611.8834974020706,1521.6062404154839,1555.0160249188382,1573.8467905841514
Rogers S.,1611.7365470102843,1537.2075363800482,1628.095731633379,1479.1243276515547
Boulter K.,1611.4818644889742,1479.6541901333558,1557.718980023826,1662.2010455917343
Seidel E.,1610.0631640808958,1523.307137318192,1582.1794007911678,1472.0730322028646
Cocciaretto E.,1609.4210385442614,1580.4686223413948,1494.5454908280674,1588.0763356766445
Osorio M.,1607.9443861329291,1632.5177670490862,1555.0053644725288,1388.4477699050053
Sonmez Z.,1606.0202555946728,1461.3612015001415,1560.3366629524342,1540.0057658298122
Tomljanovic A.,1605.9065373332908,1547.9692119450128,1563.7573138055477,1574.8580026907523
"Sharapova, M.",1602.666623649489,1500.0,1592.3087039838836,1500.0
Zheng J.,1601.032287594238,1506.109497010072,1548.6524547263205,1589.8861185252126
Sorribes Tormo S.,1599.7543062371444,1612.8321403424789,1571.4606373619981,1461.847616935919
Burel C.,1599.287681289657,1570.1494248772535,1595.2469737589354,1429.7014506625283
Bacsinszky T.,1598.173439548828,1713.9519119296415,1588.9029346865318,1565.8395261528722
Lamens S.,1597.3489846461023,1500.8348589486404,1554.3445729417665,1502.201980429649
Galfi D.,1597.2511754644272,1473.104798989902,1474.400408837976,1596.7069661208075
Sasnovich A.,1596.3727898064883,1539.7112717886491,1568.2659353697836,1545.7078796047629
Garcia C.,1595.881940716776,1625.8229862648138,1590.4540033329954,1677.1666600886622
Hingis M.,1595.8486549110914,1499.708481183908,1598.2314861943166,1528.471349194471
Wang Y.,1592.2679799543982,1462.2048353838504,1558.070479289561,1442.0204806033896
Knapp K.,1591.5988044149447,1625.187979666741,1511.832288598916,1405.4637830187335
Bouchard E.,1590.774470188008,1631.6606410494874,1553.5285204079858,1504.564928497122
Hsieh S.W.,1590.3231329184148,1460.454977788127,1652.1291724391504,1564.6115089427783
Gavrilova D.,1589.6820608376768,1563.647606155958,1621.3000801535195,1486.4409755996055
Avanesyan E.,1589.4000662365083,1572.8820846901833,1593.1752643182658,1500.1723874835438
Zhu L.,1588.8067334278996,1394.6699836240464,1576.8493041671356,1485.2268944304492
Dellacqua C.,1587.964386405374,1477.1280967574378,1545.3744343838018,1591.7869551927097
Lucic M.,1587.4690839184059,1510.925244277812,1535.1369831209963,1528.054438067822
Makarova E.,1585.995775040853,1548.865339341882,1585.3615301940774,1670.5069175186875
Yuan Y.,1579.8883170362033,1449.055812961016,1557.2504937888257,1428.51329321609
Kalinina A.,1578.9276595899726,1600.6722893553197,1539.5647208203357,1501.5100569541385
Wang Yaf.,1578.3098299416197,1484.2210037709813,1567.7754792969183,1489.1879580591003
Birrell K.,1576.4575735905491,1458.495256693352,1580.009655828796,1481.2640051468302
Kanepi K.,1576.1195500674144,1545.2102150685992,1623.8461353634448,1445.9042972640107
Sawangkaew M.,1575.8905067214512,1500.0,1561.5980474869175,1500.0
Arango E.,1575.6958347949037,1450.9976877347424,1581.2783932012321,1467.5269088417194
Ruzic A.,1574.3792445390486,1501.960641460394,1537.135320439557,1502.7764539654577
Puig M.,1574.0481363798851,1579.4701229999455,1552.4269237933281,1464.8010775723253
Petrova N.,1573.9312430332955,1584.622939621699,1639.4206739037136,1632.2435674900928
Rakhimova K.,1572.2717108735471,1523.7279196298769,1460.3212886421732,1544.1790558857563
Eala A.,1572.2443113855868,1474.4982120854806,1511.684333336976,1544.2630322656019
Niemeier J.,1572.068600470063,1483.1107816768995,1497.066708071976,1554.8850217027928
Saville D.,1571.5481151246784,1498.570811984492,1567.3088306644229,1447.4637676503423
Zvonareva V.,1570.996779522195,1550.8351565008193,1546.899618252343,1590.9935819920795
Dolehide C.,1570.3913367965406,1518.1018935594795,1523.2546335928423,1469.1362021996022
Putintseva Y.,1569.2742284912727,1613.5139876893345,1570.2592803424393,1561.8461483573728
Szavay A.,1568.2672745144846,1657.5409021766063,1548.0038701867215,1502.2374673439979
Bondar A.,1567.9872440464312,1598.3223064050678,1428.0267249907058,1413.362280206509
Jacquemot E.,1566.5151541842824,1470.7557275521174,1516.616656390454,1486.3182478678784
Montgomery R.,1565.7264334867828,1506.4581051728992,1485.0833330168941,1549.0245682704035
Juvan K.,1565.4111904322474,1576.977866584209,1506.537052035561,1500.2134388123104
Peterson R.,1563.5208645437563,1477.9047024510398,1643.4710861657773,1381.4625774417825
Meusburger Y.,1563.2817547725779,1555.45249220471,1498.70535266753,1455.0782099174648
Teichmann J.,1561.718496557472,1579.9591704659067,1554.981377700368,1370.353714611718
Wang Q.,1561.204832513945,1510.7090680412628,1563.3578945637246,1444.2061640775282
Sugiyama A.,1560.8481423758205,1471.7328639843124,1569.0251713468592,1544.817007756303
Peng S.,1558.2205974676385,1537.6528924717177,1551.5767508228273,1564.4362606625343
Tagger L.,1557.8565459210552,1500.0,1551.1442724812143,1500.0
Zarazua R.,1557.246509166079,1429.9562678825284,1538.5950216751592,1495.3143213946153
Rakotomanga Rajaonah T.,1556.9094299666376,1495.7767060105596,1550.8321802066919,1500.0
Jozami B.,1555.5114376510699,1539.1833083284955,1500.0,1500.0
Ito A.,1555.3551380964802,1500.0,1545.40684499059,1469.3929854019452
Dulko G.,1554.6358263779416,1633.9068146356135,1503.0510936715518,1510.160769831449
Pera B.,1553.2965547255108,1614.4247154721181,1450.8107606254696,1435.6074335358496
Cetkovska P.,1551.125495121582,1552.9914435988096,1540.8601013879702,1499.4427906989804
Salkova D.,1549.9086871472991,1498.6238062215218,1542.7367439061597,1500.0
Tsurenko L.,1549.8902809713875,1608.5308500079818,1527.6734799498313,1578.9383398163595
Flipkens K.,1549.7722401495512,1457.3121197049168,1472.6969585705026,1613.6091315885485
Errani S.,1548.7989571866221,1505.301514522684,1512.1942064299478,1376.3392800161341
Martic P.,1548.6159694640974,1611.9741576697588,1528.0699108580989,1579.2129152347727
Rybarikova M.,1547.8246393139484,1451.5587608729036,1560.7366796136869,1600.3388144934263
Bogdan A.,1547.741838993841,1556.3685765498592,1485.5671946760615,1471.3211337683367
Allertova D.,1547.0415675657432,1455.667561644463,1557.4796750291973,1463.46564738447
Muguruza Blanco G.,1544.783234918252,1510.9400689538463,1558.5261465361934,1478.6616286513752
Hradecka L.,1543.8572653921408,1558.975679923519,1517.0245823555822,1365.5664921495227
Hunter S.,1543.6838709680735,1500.234713066963,1535.8953377883772,1464.88628405486
Pervak K.,1543.617591148711,1466.3419296972556,1549.481377605545,1519.7302507525246
Kovinic D.,1540.8726295113402,1571.5006304698857,1451.4467163306167,1360.6907440142493
Boskovic L.,1540.7134070738443,1524.6376291727913,1500.0,1500.0
Riera J.,1538.8868509509684,1529.3342422210085,1496.0091056709127,1477.471248765426
Diyas Z.,1538.5819979188996,1489.992982542292,1547.1397093852902,1516.3443721734893
Kulikova R.,1538.2249206161873,1474.298705465605,1505.6916023778933,1537.1117414185148
Hercog P.,1537.607366614677,1575.219325356117,1460.645717461685,1463.2149072414988
Tomova V.,1537.5081266150091,1454.7899811574466,1499.643464392929,1486.2305416582024
Morita A.,1537.0335375779302,1501.4854355896512,1532.5435696257239,1387.4991890512326
Zakharova A.,1536.8652477384617,1475.4690951175817,1494.556784942684,1540.633493267914
Stevanovic N.,1536.8650064131548,1492.9415605616036,1500.0,1547.3904929426715
Burrage J.,1536.5656000498657,1491.5083123491693,1501.1910539984967,1510.0848868273379
Stakusic M.,1535.8718462272702,1485.4375121200944,1551.4676003421869,1483.6285990125966
Abanda F.,1535.8447196651173,1505.0738465907386,1502.6624623687192,1500.600306836011
Bronzetti L.,1535.805582079595,1492.4972853589825,1533.0739859128603,1461.3347073248863
Liu C.,1535.2557946754966,1549.409248647977,1493.6514811785414,1444.998536938944
Schnyder P.,1534.909045472582,1526.2169640208745,1624.0509095724597,1455.4992086349594
Watson H.,1533.8560448551527,1457.5289683003477,1495.8523519578132,1485.631759295518
Bejlek S.,1532.907359652393,1516.8397933552314,1460.9452834830827,1500.0
Tan H.,1532.3950959401932,1478.1340140692453,1436.7283346160941,1580.890321801636
Ahn K.,1532.1451016604226,1485.2914347137676,1519.0429118311918,1489.727039182028
Dodin O.,1531.140135757894,1464.2010115411465,1522.377467617514,1402.7045061160634
Vinci R.,1530.8135574639277,1534.4485494239475,1541.9359552816497,1543.5951459021644
Stollar F.,1530.6245653030887,1519.7933535601733,1463.666176675861,1502.456038731709
Wang Xiy.,1530.3405208043541,1511.6707458812607,1493.4395239714001,1421.1654147505778
Dolonc V.,1530.1976496314867,1462.2919321789284,1509.6526448210261,1538.9160213264024
Parks A.,1529.9781863016597,1476.0295245121056,1513.55326056921,1430.854515156406
Mattek-Sands B.,1529.9324908067667,1542.0193492575413,1501.6428373824808,1453.4140844428048
Date Krumm K.,1529.425620096389,1462.1222843664643,1499.2054477752718,1526.6080977964964
Starodubtseva Y.,1527.6441165393162,1540.103225848334,1450.12418617545,1486.9478788115523
Siskova A.,1527.087983164902,1515.7964831099468,1500.0,1500.0
Burdette M.,1526.95602282635,1503.6613520118535,1497.8124570233085,1474.9461493461772
Pareja J.,1526.18986493787,1526.2953544103598,1495.2963326008214,1500.0
Sierra S.,1525.5112546722949,1487.0253452924237,1476.4801725151503,1563.5734215925893
Fruhvirtova L.,1525.4012323858037,1439.1138842001087,1529.154804792131,1493.7918152287803
Pliskova Kar.,1524.7155707441868,1512.4768203210192,1500.0,1500.0
Tararudee L.,1524.6853727899986,1500.0,1521.7957748435635,1500.0
Srebotnik K.,1524.45735590492,1587.1545472116243,1507.1979991961075,1502.7844180175994
Jovanovski B.,1524.3696561634456,1459.6632228319213,1512.5710514908126,1451.1248240662403
Kozlova K.,1524.110172071085,1514.9489383449368,1457.3711074301796,1451.9225681122034
King V.,1523.8445224542081,1519.993959242518,1518.5052570721425,1334.103120719624
Badosa Gibert. P.,1523.827515888095,1500.0,1520.5013815221585,1500.0
Romero Gormaz L.,1523.81164916663,1520.4449885659758,1480.7475231420826,1500.0
Collins D.R.,1523.668378360802,1500.0,1494.461803899723,1496.774654433023
Hives Z.,1522.9602389661811,1500.0,1518.9883049302782,1475.3881258386687
Garland J.,1522.4701008141028,1504.1909364142819,1515.247543815665,1484.788361831511
Brengle M.,1521.7743126835899,1477.0555719470924,1511.423072234738,1467.1521366656543
Kuzmova V.,1521.0067354242965,1516.1020166300127,1511.913865406697,1422.141692805434
Benesova I.,1520.8693323702291,1480.720442744109,1596.2168552505339,1411.205471463755
Pohankova M.,1520.6696173368662,1500.0,1519.313840721517,1500.0
Capra B.,1520.6451032630728,1500.0,1510.6820856677004,1500.0
Mcnally C.,1520.4608812812764,1493.9298259258414,1505.8978101602902,1461.30934749921
Boserup J.,1519.8227549704782,1478.464834574469,1529.5115449548919,1508.601363145686
Timofeeva M.,1519.608618526368,1477.3443436656014,1563.017641964736,1500.0
Sonobe W.,1519.3485451640784,1500.0,1514.2341046461422,1500.0
Sakatsume H.,1518.6631062267697,1500.0,1511.505387646979,1500.0
Scheepers C.,1518.3050357433153,1576.69954848296,1416.599417136305,1438.476807686474
Davis L.,1517.8071925201812,1472.003679815834,1536.333434937609,1438.7470310818933
Pella C.,1517.7141660478542,1511.585099062199,1502.5903028924045,1500.0
Hladikova T.,1517.6988620500022,1513.4322699142879,1500.0,1500.0
Stephens S.,1517.3449048344537,1668.9508771936694,1484.4047759772398,1530.7179926444992
Fruhvirtova B.,1516.7535043145886,1472.5149175344477,1470.6275354631478,1512.1587395323925
Strycova B.,1516.610184517361,1552.23447208686,1476.6258308299305,1669.535145597633
Iatcenko P.,1515.8162350944394,1500.0,1511.6818658858424,1500.0
Arvidsson S.,1515.5859551562448,1464.3410662581414,1569.2288807547102,1385.1272187147683
Korneeva A.,1515.3776174917639,1500.0,1507.6973116107968,1500.0
Berberovic N.,1515.146060127446,1506.0167944566485,1500.0,1500.0
Snigur D.,1515.0993742339917,1488.3655792884717,1468.0359200590324,1519.8453592397273
Suarez P.,1515.0224412118466,1500.0,1516.0,1500.0
Fernandez L.,1514.7268092496017,1500.0,1510.2677843830816,1500.0
Vandeweghe C.,1514.292945074571,1537.7889273294375,1437.0017836693507,1571.216759252331
Waltert S.,1514.085201858211,1507.687642001395,1485.1423897700975,1475.9061063099298
Jankovic J.,1513.9159394974247,1577.3824958464197,1578.3803843706557,1563.6543688686947
Jones E.,1513.7376229232727,1500.0,1507.269423933983,1500.0
Torres M.,1513.669839180953,1512.0,1500.0,1500.0
Lansere S.,1513.504984887023,1505.5589350001314,1506.8697160924435,1500.0
Larcherde Brito M.,1513.2628923971713,1480.6036915736804,1378.1102830890154,1594.78331183295
Ishii S.,1513.0980332980773,1500.0,1504.7949251766522,1500.0
Anshba A.,1512.9880016662578,1499.460773236701,1505.02064311425,1500.0
Kawa K.,1512.9337963273613,1553.450678004742,1426.6211551030167,1499.2683072535926
Ishizu S.,1512.2196743049542,1500.0,1502.1922265368785,1500.0
Kulichkova E.,1511.6259892394417,1496.2753096327642,1498.3126759053964,1485.7324167556799
Duque-Marino M.,1511.5994449521124,1541.1523104409482,1442.120544164972,1474.3407810899212
Turati B.,1511.4837444203456,1500.0,1508.986589852682,1500.0
Teichmann J.B.,1511.386206095365,1480.7830449638132,1512.9464235099401,1500.0
Krejsova P.,1510.8188950120034,1500.0,1500.0,1502.0911089148135
Da Silva Fick G.,1510.7639875393563,1500.0,1509.6184103034363,1500.0
Zuger J.,1510.2096616856759,1504.0355957286183,1500.0,1500.0
Hanatani N.,1509.7446588165844,1500.0,1499.4549040654954,1500.0
Bolsova Zadoinov A.,1509.3549608194696,1490.100647158995,1500.0,1500.0
Wannasuk N.,1509.2744205276304,1500.0,1506.499801331951,1500.0
Pfizenmaier D.,1509.248810066961,1505.7277481903402,1464.313569733576,1466.8926929510599
Witthoeft C.,1508.98013705956,1423.29287816438,1582.1900349210966,1485.1318453287377
Morvayova V.,1508.86225275287,1500.0,1505.8931390043401,1500.0
Lumsden M.,1508.8566896418538,1500.0,1500.0,1502.1852340264631
Zidansek T.,1508.8530069360213,1588.51802572596,1460.3514624978245,1468.9725309744424
Gasanova A.,1508.6264504378964,1456.4038485844983,1564.6241665750854,1457.0910319747202
Lisicki S.,1508.5661873370532,1465.018795322238,1565.6460003655814,1625.7510672525948
Branstine C.,1508.5558712819607,1500.0,1492.4765857026043,1492.783486908287
Noha Akugue N.,1508.3008038257597,1516.641240853306,1485.6146735648686,1500.0
Sebov K.,1508.1831694478628,1489.8402320360733,1499.036920633035,1500.0
Brace C.,1508.0794464219086,1500.0,1503.215524572613,1500.0
Sharma A.,1507.7949816165271,1539.26386022703,1396.7508168334973,1433.941321731739
Zhang K-L.,1507.7660855340134,1500.0,1505.020154463227,1500.0
Di Giuseppe M.,1507.5899492820902,1515.006216330002,1488.4851502910292,1480.0
Larriere V.,1507.3949547815705,1485.6630986419873,1515.7396078337883,1500.0
Gibbs N.,1507.0514465131125,1420.1148184210283,1500.1686487290365,1431.198429721194
Pavlyuchen. A.,1506.844604710678,1500.0,1505.4098381801255,1500.0
Perianu A.,1506.4761990222742,1500.0,1507.0633652656652,1500.0
Yamalapalli S.,1506.4237097695172,1500.0,1505.3840073025956,1500.0
Bukta A.,1506.1274098209162,1502.2260421551566,1500.0,1500.0
Peschke K.,1505.7345903751936,1501.953281193161,1500.0,1500.0
Hon P.,1505.6606319023422,1506.6863339196998,1479.5106909761341,1447.5265305405699
Naef C.,1505.4150144852053,1488.8264226996423,1478.7313639755948,1507.841307877513
Minnen G.,1505.2089350287592,1400.8892075420208,1479.0803633719413,1495.1229091976418
Broady N.,1505.1550972449108,1468.186789453704,1528.3060146010487,1315.9801813927706
Mijacika A.,1505.0952360062715,1498.3254491974942,1500.0,1500.0
Haynes A.,1504.884313067333,1486.9434934679837,1521.816137892876,1500.0
Osorio Serrano M.C.,1504.56212981714,1498.3277943217142,1500.0,1500.0
Paar L.I.,1504.5245359899097,1502.573006885033,1500.0,1500.0
Lee S.R.,1504.4983909155733,1500.0,1492.9533207038348,1500.0
Volynets K.,1504.3740955375245,1470.585870338548,1458.0290977364289,1423.4732035969962
Werner C.,1504.3200353117275,1507.397046435427,1486.127699831893,1500.0
Scholl C.,1504.0051570733217,1496.706094879363,1500.0,1500.0
Routliffe E.,1503.6241369547963,1508.0386805863652,1485.2983454846506,1500.0
Abramovic M.,1503.4433685058016,1500.0,1498.529178552677,1500.0
Pieri T.,1503.1954341331154,1500.1068744905178,1500.0,1500.0
Khazaniuk D.,1503.0058298032961,1500.0,1502.0831952330084,1500.0
Cabeza-Candela E.,1502.99540158739,1507.9186298946693,1505.7900346959304,1481.6659509081207
Rus A.,1502.5413359720922,1521.2823255408882,1450.872531012803,1365.9815190839631
Schaefer A.,1502.4507615045156,1502.2553855921433,1500.0,1500.0
Zhang Yi.,1502.364295777964,1500.0,1500.7007525853717,1500.0
Bolkvadze M.,1502.2576428513996,1485.576667488601,1511.4494643960775,1490.5714048572313
Vidmanova D.,1502.0568102552593,1500.0,1502.3344682306742,1500.0
Leykina P.,1502.0141096373463,1502.173488548804,1500.0,1500.0
Ruano Pascual V.,1501.929995048132,1445.5208422402643,1493.955214235029,1532.453639692188
Rodionova An.,1501.7301648974956,1498.9513406145463,1452.4596644000092,1455.2081024641097
Maria T.,1501.5554154778847,1459.03452719807,1452.92637984392,1581.8267590747764
Song S.S.,1501.3325805710967,1500.0,1499.2440425893492,1500.0
Kostanic J.,1501.167016354931,1500.0,1501.167016354931,1500.0
Bhamidipaty S.R.,1501.1605521240404,1500.0,1501.454340847327,1500.0
Arruabarrena Vecino L.,1501.1497507111528,1502.290238231913,1500.0,1500.0
Hruncakova V.,1500.3816917042207,1487.844356586174,1471.7967642203332,1522.7256708037212
Gronert S.,1500.3472484663098,1496.1278398522104,1500.0,1502.9539497475541
Solovieva V.,1500.312015170663,1500.0,1497.4509678066886,1500.0
Compostizode E.,1500.2759523476504,1501.9060677901277,1500.0,1500.0
Kumkhum L.,1500.2441852739405,1420.9646312470418,1520.5776200708428,1480.9169458978881
Tig P.M.,1500.2257065644767,1518.935620654983,1488.346744700288,1447.2529563401445
Korashvili O.,1499.9841746685624,1500.0,1498.0984537754623,1500.0
Leme Da Silva N.V.,1499.2185284033674,1500.0,1498.128782516425,1500.0
Bartunkova N.,1499.0076684975,1489.5202610962283,1504.2605876687865,1500.0
Camerin M.,1499.0017548449841,1499.9287513684944,1500.0,1500.0
Miyazaki Y.,1498.6889615956238,1500.0,1501.3276486278585,1467.9238872611875
Mikadze T.,1498.2230307733528,1500.0,1495.9945370517348,1500.0
Zhao Y.J.,1498.0368340707164,1500.0,1497.220533482273,1500.0
De Gubernatis C.,1497.9505589843852,1500.6381701169603,1500.0,1500.0
Selekhmeteva O.,1497.9272871482283,1479.2626226799398,1496.2967158166382,1500.0
Schmiedlova A.,1497.9048010474673,1511.0514014591827,1481.780748967786,1324.199402439778
Beck An.,1497.8461654323362,1500.0,1497.6308081611362,1500.0
Wickmayer Y.,1497.741974022655,1507.6668464803556,1519.5098346858897,1459.3873991306634
Goncalves P.C.,1497.6912065064698,1515.73901162535,1460.243766826543,1500.0
Pigato L.,1497.6003092338287,1492.6744592138673,1500.0,1500.0
Jing-Jing L.,1497.5198902876843,1500.0,1498.4029068211423,1500.0
Yang Zha.,1497.4546757125993,1500.0,1496.5418836362194,1500.0
Okalova M.,1497.245870637792,1500.0,1495.829419883929,1500.0
Chang H.,1497.0736701466158,1498.255709173078,1500.0,1500.0
Avdeeva J.,1496.9573532630225,1493.3095481938144,1500.0,1500.0
Saito S.,1496.72104651822,1500.0,1485.7808917978884,1500.0
Xu Y-F.,1496.6889254072132,1500.0,1494.751076629972,1500.0
Kamenskaya V.,1496.5590034881002,1493.1876355282839,1500.0,1500.0
Lee P.C.,1496.5317098836558,1500.0,1496.1390098492145,1500.0
Candiotto A.,1496.5044378271512,1500.0,1497.5104429589232,1500.0
Vrljic A.,1496.4992330922498,1517.3967326672785,1473.0471906478874,1500.0
Peers S.,1496.4783529140755,1500.0,1485.708887204188,1500.0
Niculescu M.,1496.4606001815184,1403.1277772252693,1487.5844352511274,1444.893333458628
Lazaro A.,1496.386126482652,1482.931924258866,1500.0,1500.0
Han S-H.,1496.0125987548988,1500.0,1493.3939382204721,1500.0
Sun T.,1495.884301975423,1500.0,1491.1095050452002,1500.0
Bogdan E.,1495.7264469408478,1484.6908188580337,1500.0,1500.0
Garcia Vidagany B.,1495.5825991464553,1484.5300324206748,1502.5845081043535,1500.0
Robbe A.,1495.4761082724376,1494.1298362726513,1500.0,1500.0
Middendorf J.,1495.3446686549314,1492.7781686695555,1500.0,1500.0
Garcia-Vidagany B.,1495.2975410742279,1490.9984307794903,1500.0,1500.0
Babel O.,1495.2739792605535,1493.5196775109976,1500.0,1500.0
Mokh M.,1495.2676104396537,1500.0,1493.321318555262,1500.0
Havlickova L.,1495.16349198262,1500.0,1490.705517697591,1500.0
Larsson J.,1495.125794976249,1575.8090139280118,1458.274400491167,1344.5631897949143
Soler Espinosa S..,1494.9874862241402,1488.0,1509.1188601647568,1500.0
Molik A.,1494.9528078765914,1432.5832924009583,1507.5281284195069,1468.0482742835648
Xu M.,1494.8099620934418,1500.0,1500.0,1452.857582456047
Chan C-W.,1494.776774267266,1500.0,1494.1748100796422,1500.0
Wongteanchai Vara.,1494.68470717647,1500.0,1492.0583173860036,1500.0
Lyubtsova O.,1494.648677472559,1500.0,1492.1048659350697,1500.0
Jeong B.,1494.642888977243,1500.0,1494.3569109782818,1500.0
Van Uytvanck A.,1494.6427325784327,1427.9798794645033,1556.9021841937251,1446.559777888249
Kratzer A.,1494.5840971036775,1500.0,1484.340359889043,1500.0
Dulgheru A.,1494.559589743333,1485.8013133832337,1480.976289883482,1509.0387974654652
Afinogenova K.,1494.5090329500144,1499.7827128197928,1500.0,1500.0
Naito Y.,1494.5028144478156,1500.0,1491.558320443898,1500.0
Chan W.Y.,1494.4769364471888,1500.0,1494.6505912481705,1500.0
Hourigan P.M.,1494.4447179949711,1500.0,1494.5847759127728,1500.0
Schmiedlova A.K.,1494.4432946302948,1500.0,1493.4362060483218,1500.0
Komardina A.,1494.2319395227466,1500.0,1491.4398133101233,1500.0
Kudermetova P.,1494.2303265989622,1455.4869682643223,1506.4861089541446,1472.1774748768134
Cornet A.,1494.2265210781127,1458.134410520099,1486.434832718967,1598.634362881321
Chuang C.J.,1494.2027099899876,1489.283309751588,1500.0,1500.0
Jiang X.,1494.1637235322296,1500.0,1490.7556632764483,1500.0
Fett J.,1494.065459519045,1495.403468796871,1440.0433134472994,1420.7318260783215
Arseneault A.,1494.0589765388906,1500.0,1494.7552488762803,1500.0
Hovde L.,1493.9897510649646,1500.0,1490.5003744190055,1500.0
Shapatava S.,1493.7401971990357,1486.5936080553097,1493.065386418655,1500.0
Ahn A.,1493.7272286398909,1500.0,1490.0600719535184,1500.0
Erjavec V.,1493.644071023623,1487.6846797248295,1477.569020703648,1505.1610088518455
Gonzalez M.,1493.3926996896123,1471.9764019839365,1518.2988444019552,1500.0
Kondratieva M.,1493.3419871218075,1498.2252134753626,1500.0,1500.0
Monova P.,1493.3397910194594,1500.0,1493.1160588283904,1500.0
Marcinko P.,1493.2814572454681,1501.4981689695983,1488.8632906616097,1500.0
Pattinama Kerkhove L.,1493.2628328274056,1500.0,1440.7312176326457,1506.845317557447
Chwalinska M.,1493.226320737625,1498.7007055581573,1470.8314127285528,1517.9552447860535
Tona M.,1493.2146757389614,1500.0,1490.0009404811508,1500.0
Krawczyk D.,1493.14711668441,1490.0168166520068,1500.0,1500.0
Sidorova K.,1493.1198535691278,1500.0,1491.6974905012883,1500.0
Shibahara E.,1493.1170066591799,1499.635809369958,1480.014051376806,1482.0952046273264
Burillo I.,1493.0314736319788,1488.2348640495002,1500.0,1500.0
Medina G. A.,1492.8487312987884,1500.0,1500.0,1480.9914743624952
Burnett N.,1492.7232734398883,1480.1752247191641,1477.561675052123,1500.0
Arruabarrena-Vecino L.,1492.5300597273183,1505.887800771431,1497.7554912758244,1466.6870376465242
Fung S.,1492.4444728279336,1500.0,1491.375805557972,1500.0
Sobolieva A.,1492.4415687825478,1488.6051416045586,1500.0,1500.0
Szatmari A.,1492.4107437519394,1488.0,1507.9504798757787,1500.0
Falkowska W.,1492.269692100396,1491.0170733435289,1500.0,1500.0
Hui K.,1492.2121880197715,1500.0,1490.8553011119309,1500.0
Schmiedlova K.,1492.1619036666355,1491.8556412749508,1500.0,1500.0
Crawford S.,1492.137556177501,1474.1745129907076,1475.8633983864443,1507.551391368972
Garbin T.,1492.060023667719,1502.5157536951265,1485.9064983607884,1427.1447529133197
Njiric S.,1491.9625664424143,1489.8971363254166,1500.0,1500.0
Wagner S.,1491.9510343260436,1500.0,1486.6872217071405,1500.0
Barbieri G.,1491.8980133596644,1494.7724811008018,1500.0,1500.0
Urgesi F.,1491.7611731186128,1490.6800825377088,1500.0,1500.0
Gleason Q.,1491.7387318584015,1500.0,1491.739914973101,1500.0
Tian F.,1491.61964470844,1500.0,1490.8047000560773,1500.0
Thandi K.,1491.6035446998314,1500.0,1491.626454732535,1500.0
Moser L.M.,1491.578810520024,1492.9213810997,1487.6525050448427,1500.0
Pous Tio L.,1491.5781649961568,1500.5489404192037,1476.0,1500.0
Fita Boluda A.,1491.54866162347,1490.9962345490187,1500.0,1500.0
Fink A.,1491.498134306813,1500.0,1488.5842428473245,1500.0
Pliskova Kr.,1491.452205097102,1496.8726844311664,1459.4411171567767,1416.1297975828447
Perebiynis T.,1491.3689301038332,1499.1313889859857,1479.251647357895,1478.5577507179084
Koevermans A.,1491.3058499823371,1500.0,1500.0,1482.916312465077
Zhang R.,1491.198268073626,1500.0,1489.5907510572488,1500.0
Lodikova D.,1490.98961007491,1492.0755332329072,1500.0,1500.0
Harrison Ca.,1490.9864065464926,1487.4568992810064,1490.9654407750036,1504.5081487625923
Van den Broek I.L.,1490.82811128527,1500.0,1500.0,1477.7943915161477
Yao X.,1490.77617539218,1500.0,1487.492215011894,1500.0
Kotliar Y.,1490.7306432345183,1490.364546181325,1500.0,1500.0
Lu J.J,1490.6975385048065,1500.0,1492.9494228881872,1500.0
Adkar V.,1490.6797316208038,1500.0,1489.6119236567538,1500.0
Kostic N.,1490.4424958737723,1500.0,1489.3310015419222,1500.0
Hewitt D.,1490.4233821084104,1500.0,1490.3845137313012,1500.0
Sutjiadi A.,1490.3730936706709,1500.0,1485.598956253821,1500.0
Shymanovich I.,1490.33560097478,1493.4738561376282,1481.0201166382085,1500.0
Embree L.,1490.3011723423372,1485.5934193530093,1500.0,1500.0
Thorpe L.,1490.2740981002833,1488.8635047413222,1500.0,1500.0
Petkovic,1490.2529539178227,1500.0,1487.5709215744885,1500.0
Giovine C.,1490.2022019100464,1490.0970327196753,1500.0,1500.0
Maristany G.,1490.1666854848074,1489.1383166598837,1500.0,1500.0
Baszak W.,1490.1639927027602,1489.3400746462532,1500.0,1500.0
Voegele,1489.9887857569029,1500.0,1489.2516052779958,1500.0
Yu E.,1489.9478292901101,1500.0,1489.7686256398736,1500.0
Kostovic T.,1489.882705905097,1488.565301150762,1500.0,1500.0
Guarachi A.,1489.8754284795568,1500.0,1489.75517563983,1500.0
Higuita Barraza M.,1489.8445580788411,1492.1125257292924,1500.0,1500.0
Gervais J.,1489.7683147426133,1483.7862619411337,1500.0,1500.0
Uberoi N.,1489.7116516650085,1501.1301955933225,1486.918361572563,1500.0
Elie J.,1489.6451237630708,1500.0,1489.9235066112255,1500.0
Dart H.,1489.6402918258368,1416.959147190444,1475.3836128272765,1526.1432732502712
Soler Espinosa S.,1489.6025365585872,1531.2408590376654,1352.297007366009,1486.0417145307429
Bai A.,1489.5730037477333,1500.0,1488.7785280954151,1500.0
Roesch A.,1489.4496891631934,1489.1538657692354,1500.0,1500.0
Seguel D.,1489.3426558899505,1483.1930529259632,1500.0,1500.0
Cako J.,1489.3108666496996,1500.0,1489.7358669629796,1500.0
Pliskova K.,1489.2932081963065,1489.4609807573615,1500.0,1500.0
Herazo M.,1489.2619706946502,1487.7940866163474,1500.0,1500.0
Yang Y.,1489.176521957509,1500.0,1482.6267231944041,1500.0
Ruse E-G.,1489.1083157426856,1490.697336628553,1500.0,1500.0
Raducànu E.,1488.913577953685,1500.0,1486.6884565600062,1500.0
Rajecki A.,1488.8345021066802,1500.0,1500.0,1478.6508308964726
Bona A.,1488.778622420196,1491.6651537789448,1500.0,1500.0
Bechri C.,1488.6655234031793,1500.0,1486.3902380552727,1500.0
Lovric P.,1488.6155813127266,1500.0,1488.34534013435,1500.0
Tang H.C.,1488.4782556537396,1500.0,1484.0703708969827,1500.0
Tanasugarn T.,1488.4615116706452,1417.3281488606262,1505.7409511101407,1521.6247957801518
Martinovic S.,1488.4497582185859,1500.0,1488.3165794814183,1500.0
Ng K.Y.,1488.3796880088978,1500.0,1487.4374933421407,1500.0
Melichar N.,1488.2171605566716,1500.0,1485.893427356114,1500.0
Schuurs D.,1488.1870586461416,1500.0,1485.5731784352106,1500.0
Xiyu W.,1488.1860911736687,1500.0,1489.757623542662,1500.0
Bassols Ribera M.,1488.1052929702014,1490.1531042759523,1500.0,1500.0
Ungur L.,1488.0605037052949,1486.35109101389,1500.0,1500.0
Antoniychuk K.,1488.0544433595865,1501.6331711295575,1482.544653989287,1500.0
Lee Y-H.,1488.0032558431863,1500.0,1486.34261491972,1500.0
Spiteri D.,1487.974137413109,1487.8654957333854,1500.0,1500.0
Petersson R.,1487.9503239384692,1488.9508309971689,1500.0,1500.0
Nuudi M.,1487.839297037903,1500.0,1487.6217165613957,1500.0
Radisic N.,1487.7496912659278,1500.0,1487.6150303575241,1500.0
Zantedeschi A.,1487.7307111610594,1488.4079886354732,1500.0,1500.0
Alves C.M.,1487.7044896822479,1500.0,1487.918678087958,1500.0
Hofmanova N.,1487.6843542155814,1490.9479464025815,1500.0,1500.0
Pandzic J.,1487.675398645206,1489.4326229910932,1500.0,1500.0
Borsanyi C.,1487.6717254281518,1486.1966359111952,1500.0,1500.0
Gordon A.,1487.5392484600175,1500.0,1500.0,1483.2212299012974
Stusek J.,1487.5068801295945,1500.0,1500.0,1466.995430340874
Marcinkevica D.,1487.362779408577,1482.5532994574905,1500.0,1500.0
Arruabarrena L.,1487.3350939807829,1510.8123654067376,1409.5919866095974,1488.5700169420497
Lapko V.,1487.3272709122887,1467.2188702127794,1506.574363576933,1449.002796143356
Jimenez V.,1487.325032852426,1488.6787974419917,1502.7436419872113,1500.0
Okuno A.,1487.3172733313838,1500.0,1487.343401001212,1500.0
Barry M.,1487.2910144183427,1500.0,1481.1728820696133,1500.0
Hsieh S.,1487.2731319773588,1500.0,1500.0,1470.0
Bammer S.,1487.2359098935867,1492.447707733119,1538.4828120254163,1411.4035946651863
Altick F.,1487.1983778293095,1486.811642330036,1500.0,1500.0
Shoshyna A.,1487.1593015923916,1487.4255283416614,1500.0,1500.0
Yashina E.,1487.140437639788,1500.0,1500.0,1492.712452238839
Melander H.,1487.0061338547666,1487.1165750539267,1500.0,1500.0
Collins C.,1486.9771527858582,1500.0,1488.0065362765927,1500.0
Bjorklund M.,1486.9459442931861,1489.4989535952318,1485.2090982159243,1489.7490244237842
Mircic T.,1486.9083350567603,1488.7595735383181,1500.0,1500.0
Kostanic T. J.,1486.8929389160476,1500.0,1483.0591077420045,1500.0
Hong H.H.,1486.8793947236575,1500.0,1486.0971225562148,1500.0
Perez A.,1486.8103159376576,1500.0,1486.1479432389986,1500.0
Salerni M.,1486.8024829682845,1488.0156475671429,1500.0,1500.0
Ahn K.H.,1486.798526097765,1500.0,1483.3821569502402,1500.0
Yang V.,1486.69879295994,1500.0,1483.385622304531,1500.0
Starr E.,1486.6599138065337,1500.0,1486.3402028472112,1500.0
Duerst J.,1486.6359016864774,1490.5867472573543,1500.0,1500.0
Juricova J.,1486.6047574159318,1500.0,1484.486081005445,1500.0
Kung L.,1486.5980570631236,1459.3680601559533,1536.097388789947,1505.5179444240102
Schoofs B.,1486.5763890576395,1502.061409463845,1495.7679881779284,1481.5837626999794
Echeverria Alam N.,1486.5660264125027,1490.3330196332274,1500.0,1500.0
Peer S.,1486.5284135720551,1507.8743917126872,1457.5327962635033,1461.9554552283184
Scandalis Z.G.,1486.4932944950247,1500.0,1483.8003376891359,1500.0
Chakhnashvili M.,1486.4497772221903,1487.2198483873058,1500.0,1500.0
Volodko K.,1486.4066214840338,1492.8411122454606,1494.2821260038836,1500.0
Ruutel M.,1486.3791364589597,1500.0,1500.0,1480.0
Gaydarzhi K.,1486.3689268647952,1500.0,1485.2293913277272,1500.0
Ivanov V.,1486.361417990883,1500.0,1481.0013492638966,1500.0
Krajicek M.,1486.3106511697508,1423.3457746218596,1490.3583707533737,1488.9680159532572
Podoroska N.,1486.2538570378501,1487.1188536177572,1487.0200915653263,1475.3318395728136
Hlavackova A.,1486.2102762905465,1440.0807097681254,1499.7038632746098,1459.2480783983121
Date K.,1486.2010516437063,1500.0,1483.7212688782688,1500.0
Yonemura A.,1486.1905410982772,1500.0,1486.4138284078376,1500.0
Liebens K.,1486.1502553036769,1500.0,1480.934008338875,1500.0
Tananta L.,1486.122162066564,1500.0,1485.492147669879,1500.0
Silva C.,1486.1079452948138,1489.2275427754685,1500.0,1500.0
Vrancken Peeters A.,1486.0425251363652,1500.0,1500.0,1485.8821562618461
Schiavone F.,1486.024829370889,1600.9601933378635,1391.0412692131133,1464.8756458751861
Kulambayeva Z.,1485.832678662866,1500.0,1487.08519436232,1500.0
Granillo A.,1485.8212740370836,1489.4476099991978,1500.0,1500.0
Kang J.,1485.792769896984,1500.0,1489.231035943747,1500.0
Patterson T.,1485.767049892442,1500.0,1482.7870861442816,1500.0
Ciric Bagaric L.,1485.73136401364,1487.7257279348587,1500.0,1500.0
Buryachok I.,1485.7072269008881,1490.4810402318756,1500.0,1500.0
Milevskaya K.,1485.6544099057842,1500.0,1482.763100945421,1500.0
Grey S.,1485.621619992298,1500.0,1500.0,1480.0
Minca I.,1485.613093830294,1488.8083201430018,1500.0,1500.0
Curmi F.,1485.4112082930076,1485.9895635733744,1500.0,1500.0
Bhatia R.,1485.3412427995268,1500.0,1500.0,1466.6512741616891
Savranska Y.,1485.3296182337317,1488.1871930546754,1500.0,1500.0
Plazas J.,1485.3232674004469,1489.7638741834317,1500.0,1500.0
Fernandez-Brugues E.,1485.3151625814567,1489.9807767863113,1500.0,1500.0
Fridman O.,1485.234777062864,1486.3649453838234,1500.0,1500.0
Benhadi G.,1485.1944590972225,1488.5630862345151,1500.0,1500.0
Marosi K.,1485.1707528764434,1498.3534701139422,1482.3973726881031,1500.0
Albano S.,1485.158793774315,1487.878210692805,1500.0,1500.0
Lew Yan Foon A.,1485.151517720948,1500.0,1485.3685437552535,1500.0
Munoz D.,1485.1288912099178,1488.414300586377,1500.0,1500.0
Fullana L.,1485.0618759285478,1500.0,1484.1002960858934,1500.0
Widjaja J.,1485.0453421109037,1488.0,1500.0,1500.0
Ignatik A.,1485.025250946836,1500.0,1486.2326693835103,1500.0
Shvedova Y.,1485.0048648073318,1506.209798681038,1472.5104114381677,1674.5453132581467
Choi J-H.,1484.9618748715675,1500.0,1484.1594492031886,1500.0
Buchina Y.,1484.912851159811,1500.0,1479.52822513354,1500.0
Iliev S.,1484.9027184317183,1478.0395659434348,1500.0,1500.0
Noel A.,1484.8995910907151,1500.0,1480.6821554435076,1500.0
Vicens Mas R.,1484.84063399298,1488.0,1500.0,1500.0
Tkacheva M.,1484.8307094967201,1500.0,1484.2038062141432,1500.0
Robillard-Millette C.,1484.7470424531032,1500.0,1484.8072594675712,1500.0
Matoula M.,1484.7183180998934,1500.0,1483.2359728024394,1500.0
Samson L.,1484.6754042826851,1500.0,1484.3991823077013,1500.0
Saidkhodj. D.,1484.6732093193627,1500.0,1485.3767234107625,1500.0
Folts A.,1484.6634654152363,1500.0,1481.9977685073459,1500.0
Matteucci A.,1484.5184160972708,1488.620692096158,1500.0,1500.0
Augustine B.,1484.501968629059,1500.0,1483.950232898586,1500.0
Llagostera Vives N.,1484.495787235257,1503.1690430443743,1430.7694036216656,1418.0535975406851
Pridankina E.,1484.4928207413998,1500.0,1474.5277088324383,1500.0
Disderi S.,1484.483275507102,1488.7635199496644,1500.0,1500.0
Wurth T.,1484.4625072130034,1491.0958044110118,1487.5009197281024,1500.0
Rao S.,1484.4096875261662,1488.8674127657541,1479.6679237793294,1520.426833325534
Hoch E.,1484.3898749818882,1488.9616208490695,1500.0,1500.0
Kapros A.,1484.3251547273808,1500.0,1485.1451293263335,1500.0
Bennani L.,1484.3156183200651,1492.328574085704,1500.0,1500.0
Falkner Z.,1484.3068187696394,1500.0,1484.1766053552817,1500.0
Olaru I.R.,1484.299583758879,1489.074160106399,1495.0996917864522,1500.0
Hsu C.W.,1484.295560247659,1500.0,1485.268068393733,1500.0
Kubka M.,1484.2757339661862,1487.3919517173722,1500.0,1500.0
Rosca A.,1484.2753742369032,1488.2094730680114,1500.0,1500.0
Gjorcheska L.,1484.2748565168704,1500.0,1484.0,1500.0
Noordin J.,1484.2695175119213,1500.0,1483.2368816684243,1500.0
Mediorreal A.V.,1484.2650459883594,1489.067822769539,1500.0,1500.0
Talaba G.,1484.2561103017097,1488.0119821077044,1500.0,1500.0
Kuryanovich I.,1484.2111738497044,1500.0,1484.7186143236372,1500.0
Zucchini A.,1484.201894870129,1488.0,1500.0,1500.0
Ancic S.,1484.1790085144046,1500.0,1484.2044356752692,1500.0
Mediorreal Arias V.,1484.1745919091597,1488.1592436990313,1500.0,1500.0
Todoni A.,1484.1670876952871,1486.0442412283066,1491.6221285328515,1459.5991977760789
Nooni H.,1484.1371049327165,1500.0,1483.7564613135971,1500.0
Hsu C.,1484.1346660845063,1500.0,1483.920562664001,1500.0
Reix S.,1484.1301203601195,1499.4700227167236,1483.2815923603464,1500.0
Perez Garcia M.P.,1484.1105934368443,1488.967626621201,1500.0,1500.0
Luz B.,1484.109505069666,1483.836882722431,1500.0,1500.0
Ianchuk O.,1484.0938865236267,1500.0,1484.0,1500.0
Saidkhodjaeva D.,1484.0610895146003,1500.0,1485.3689749107107,1500.0
Reyngold E.,1484.0501346996302,1486.911516928123,1500.0,1500.0
Wong Hong Yi C.,1484.0,1500.0,1484.0,1500.0
Nugroho P.M.,1484.0,1500.0,1484.0,1500.0
Lakhani I.,1484.0,1500.0,1484.0,1500.0
Safarova Z.,1484.0,1500.0,1484.0,1500.0
Sanchez Uribe M.J.,1484.0,1488.0,1500.0,1500.0
Hsu C.Y.,1484.0,1500.0,1484.0,1500.0
Miranda Otarola M.,1484.0,1488.0,1500.0,1500.0
Zhu C.,1484.0,1500.0,1484.0,1500.0
Rajeshwaran Revathi M.,1484.0,1500.0,1484.0,1500.0
Khrisanova N.,1484.0,1500.0,1484.0,1500.0
Cabeza Candela E.,1484.0,1488.0,1500.0,1500.0
Essaadi L.,1484.0,1488.0,1500.0,1500.0
Abramovic I.,1484.0,1488.0,1500.0,1500.0
Nelson L.,1484.0,1500.0,1484.0,1500.0
Shulaeva E.,1484.0,1500.0,1484.0,1500.0
Golds S.,1484.0,1500.0,1484.0,1500.0
Marrero M.,1484.0,1488.0,1500.0,1500.0
Rapolu M.,1483.9562347439717,1500.0,1484.9543339323527,1500.0
Tangphong M.,1483.9168312577735,1500.0,1483.9168312577735,1500.0
Cherubini D.,1483.9046064919353,1487.9047136808674,1500.0,1500.0
Choi J.H.,1483.872537197779,1500.0,1483.7467678464368,1500.0
Elliott A.,1483.8510021447355,1500.0,1500.0,1480.8589680620362
Bondarenko A.,1483.8349865473106,1562.1189586039477,1514.143140895833,1498.5987119057224
Umarova K.,1483.8160422333935,1500.0,1483.4923557329755,1500.0
Samudio A.,1483.8125750306274,1488.9905357397658,1500.0,1500.0
Neuwirth Y.,1483.7971662600773,1487.666412421911,1500.0,1500.0
Pin C.,1483.7311878721318,1405.2751087694185,1515.4137484271898,1454.670160048734
Yamaguchi M.,1483.6390169310753,1500.0,1479.22321932262,1500.0
Zhang K.L.,1483.6251071120062,1500.0,1475.25213865703,1476.9078496345649
Toth A.,1483.6013408238493,1483.9675338054033,1500.0,1500.0
Cheapchandej P.,1483.593472512061,1500.0,1484.0,1500.0
Gajdosova J.,1483.500298097824,1481.670596825748,1504.8005706131933,1459.0557215181634
Chan Y.,1483.4895008885144,1500.0,1483.4895008885144,1500.0
Remondina A.,1483.4799639218786,1487.6637368359418,1500.0,1500.0
Capurro Taborda M.,1483.4637646126716,1500.0,1481.8222191103819,1500.0
Wuerth T.,1483.4499664806738,1483.1221433569233,1500.0,1500.0
Imanishi M.,1483.4071432158878,1500.0,1482.3010900288834,1500.0
Jani R-L.,1483.405393312036,1486.2215216673617,1500.0,1500.0
Kovackova A.,1483.3918279335335,1500.0,1483.3858957658813,1500.0
El Allami Zahra F.,1483.3693286814387,1488.4142552588255,1500.0,1500.0
Takao E.,1483.3596565978755,1500.0,1483.3596565978755,1500.0
Glozman V.,1483.3410456039496,1500.0,1479.8267655782752,1500.0
Castiblanco K.,1483.3128301773022,1488.0,1500.0,1500.0
Ghioroaie I.G,1483.283797658528,1500.0,1484.7669043810004,1500.0
Christie F.,1483.2742440576587,1500.0,1500.0,1477.6983933797408
Morderger Y.,1483.2476506084047,1477.66836421217,1500.0,1500.0
Knutson G.,1483.246521297198,1500.0,1486.0802305190925,1500.0
Uchijima M.,1483.2373117350696,1511.2490299508288,1440.6440532069516,1444.2704409544176
Karatancheva S.,1483.2285034505644,1500.0,1484.0,1500.0
Cohen-Aloro S.,1483.1870376491274,1489.3775091798511,1500.0,1500.0
Joao Koehler M.,1483.1713269777965,1487.572375666281,1500.0,1500.0
Tamaela E.,1483.1474688420112,1500.0,1484.9836202629735,1500.0
Barbat K.,1483.1451156666749,1500.0,1482.9508510433675,1500.0
Fitzpatrick A.,1483.1372693306932,1500.0,1500.0,1478.2263803779554
Ogorodova A.,1483.1078733124796,1500.0,1483.153429601315,1500.0
Habler H.,1483.0907229469044,1487.585699413623,1500.0,1500.0
Beck A.,1483.0707960113962,1504.0400906098334,1476.007444632532,1498.9450366994934
De Vroome I.,1483.0534109596504,1496.1153780137024,1490.1282691103256,1487.875478632497
Mishina D.,1483.010062993089,1500.0,1482.400378467138,1500.0
Stanciute L.,1482.9605185687437,1500.0,1484.0472612574604,1500.0
Herrero Linana A.,1482.9529653501477,1488.016991190121,1500.0,1500.0
Popa G.S.,1482.9091602810763,1487.5470127887893,1500.0,1500.0
Ewald W.,1482.8692594318493,1486.9571513370563,1500.0,1500.0
Zhang Y.,1482.8176663708648,1500.0,1482.2236720485414,1500.0
Klaschka C.,1482.793050839946,1487.2653733484105,1500.0,1500.0
Pous-Tio L.,1482.7746643483651,1520.920320147333,1452.8972018183647,1435.5534182453675
Bohmova K.,1482.720726390732,1488.0,1500.0,1500.0
Solovyeva V.,1482.6938222699769,1493.1372502239458,1491.87327374422,1500.0
Paganetti V.,1482.6908233538754,1487.0549779642515,1500.0,1500.0
Mayo A.,1482.637124786064,1487.3883469182017,1500.0,1500.0
Kremen I.,1482.6106165117535,1500.0,1483.0531479752726,1500.0
Ren Y.,1482.5858735584736,1500.0,1482.8093395999028,1500.0
Kolesnichenko A.,1482.5763546322098,1500.0,1483.0489804408028,1500.0
El Jardi D.,1482.5252146301093,1488.0,1500.0,1500.0
Antonitsch M.,1482.4929668832901,1478.6724075225438,1500.0,1500.0
Ramialison I.,1482.4831448222476,1500.0,1481.2014685544107,1500.0
Rampre P.,1482.4714089917136,1488.3070211457384,1490.540436350749,1500.0
Radivojevic L.,1482.4486575206356,1487.578981580151,1500.0,1500.0
Serra Zanetti A.,1482.4454097351536,1487.6216441758643,1500.0,1500.0
Guth M.,1482.4294953110405,1500.0,1500.0,1470.0
Batta L.,1482.423614309924,1488.0,1500.0,1500.0
Kapshay V.,1482.412729049137,1500.0,1483.1636774292367,1500.0
Paoletti M.,1482.3989633554493,1480.33725066858,1500.0,1500.0
Knoll X.,1482.351009149178,1489.2726794356074,1500.0,1500.0
Olyanovskaya V.,1482.2216015499307,1487.556887252754,1500.0,1500.0
Mateas M.,1482.20164616438,1509.7102313403857,1453.0197193969334,1500.0
Kim S-J.,1482.177449923436,1500.0,1482.8512459386066,1500.0
Munoz Gallegos D.,1482.1217618698317,1488.7934571698331,1500.0,1500.0
Fernandez L. A.,1482.0949779723787,1500.0,1482.426645574948,1500.0
Osaka M.,1482.0681872724633,1500.0,1481.7972788974482,1500.0
Naydenova A.,1482.067522415227,1500.0,1482.7860040049181,1500.0
Stefani L.,1482.0267542601364,1500.0,1483.2723780226565,1500.0
Viratprasert S.,1482.001302274168,1500.0,1482.5684875292989,1500.0
Soler-E. S.,1481.9417005960902,1500.0,1480.8369112694934,1500.0
Torro-Flor M.T.,1481.8981727381515,1488.0,1500.0,1500.0
Gabarrus-Alonso M.,1481.8366283359617,1486.8358132545764,1500.0,1500.0
I F.,1481.814836981291,1486.6834379876054,1500.0,1500.0
Nogueira A.,1481.70767422932,1487.2512289380034,1500.0,1500.0
Chakvetadze A.,1481.7057666155058,1469.7172078948076,1524.5664218421982,1560.1493258843896
Wang X.,1481.6776417152723,1500.0,1473.1070806084283,1500.0
Ortenzi J.,1481.6055877747606,1500.0,1484.0,1500.0
Zoric N.,1481.592303505643,1487.35712082462,1500.0,1500.0
Ma S.,1481.5712072466208,1500.0,1481.4728090606718,1500.0
Damayanti A.F.,1481.4961432026332,1500.0,1482.3671956843991,1500.0
Urhobo A.,1481.4704882175627,1500.0,1481.2476107818002,1500.0
Black T.A.,1481.453933542681,1488.1085226705843,1485.3083195425631,1500.0
Papadakis L.,1481.4213306543868,1500.0,1500.0,1454.8997805131464
Muhamed A.,1481.4181764637574,1500.0,1482.2410640255018,1500.0
Fondevila Castro P.,1481.347026333116,1488.0,1500.0,1500.0
Okamura K.,1481.2420455590009,1488.8505127923609,1481.463943093146,1500.0
Barry E.,1481.2026584930302,1500.0,1481.1099670605245,1500.0
Pochabova M.,1481.176547017434,1487.2285365047294,1500.0,1500.0
Laskutova K.,1481.159244636779,1500.0,1481.6397170069004,1500.0
Ponchet J.,1481.0096430932217,1454.395060085406,1487.1135734410711,1460.4024998289576
Rogers A.S.,1480.9915362310517,1500.0,1481.393451877937,1500.0
Llagostera V.,1480.9778368790146,1495.8950888809045,1482.799207803071,1500.0
Mouhtassine B.,1480.9691920737812,1487.1861364706285,1500.0,1500.0
Hosogi S.,1480.9066927071087,1500.0,1482.081841150697,1500.0
Torres Murcia M.C.,1480.7342110755974,1487.557068139947,1500.0,1500.0
Abdurakhimova A.,1480.6259121880196,1500.0,1482.2660871833405,1500.0
Stefanini L.,1480.6034508859304,1452.8750189182247,1482.2129408871174,1463.1909839952716
Crawley F.,1480.4917636887271,1489.576066880912,1484.6321976469924,1500.0
Abdala N.,1480.415430318497,1486.572594137492,1500.0,1500.0
Fuda R.,1480.3448641571367,1500.0,1480.4909613134541,1500.0
Wallace I.,1480.2909958165058,1481.9489346667476,1500.0,1500.0
Hu Y.Y.,1480.176208224748,1500.0,1478.3484911456499,1500.0
Sirotkina M.,1480.1575970236322,1500.0,1479.0516140286093,1500.0
Krunic A.,1480.088036854655,1460.0823825571708,1468.5039163913357,1518.5856432331086
Korpatsch T.,1480.0064764624804,1465.803069009158,1493.5110026679993,1376.2624777005678
Zabala P.,1479.985951645605,1487.0544119699243,1500.0,1500.0
Shi H.,1479.9596023627105,1500.0,1476.399740490892,1500.0
Black C.,1479.8812474607787,1500.0,1481.55997245196,1500.0
Zaniewska S.,1479.8288853922022,1493.5608571258215,1496.495511969119,1478.3342461684836
Ma Y.,1479.772614913885,1500.0,1469.6938927281533,1500.0
Pliskova Kri.,1479.7623237293415,1487.489883698646,1500.0,1500.0
Lewis J.,1479.678423635809,1500.0,1478.320034524055,1500.0
Flower K.,1479.6390271994148,1500.0,1481.2786857488975,1500.0
Kabbaj Y.,1479.5677755042711,1482.523047252298,1500.0,1500.0
Wozniak A.,1479.564632928877,1528.1041003717598,1479.5836273689274,1487.8173807983615
Tjandramulia O.,1479.5383344149704,1500.0,1480.094838800121,1500.0
Khayrova S.,1479.5269845441587,1500.0,1478.8719945359946,1500.0
Muramatsu C.,1479.5252452798288,1500.0,1481.208065922458,1500.0
Dolonts V.,1479.5223837758597,1528.4063884383809,1451.0563619931827,1481.1611153087104
Albie A.,1479.5134783668018,1481.4806333493239,1500.0,1500.0
Chua A.,1479.4820891128625,1500.0,1479.4459034499394,1500.0
Voskoboeva G.,1479.425555944308,1480.7444243428804,1452.8476225096672,1421.8478717342066
Higuita Barraza M. I.,1479.3029151226287,1487.2088270284644,1500.0,1500.0
Dushevina V.,1479.2624170447386,1483.211948457507,1491.3255680078512,1433.2229619999812
Yoo M.,1479.217854523105,1500.0,1478.3376467910953,1500.0
Mueller A.,1479.2066363425643,1500.0,1477.3276958554445,1500.0
Roma N.,1479.15557200964,1485.3299354783678,1500.0,1500.0
Rueffer L.,1479.0863682050838,1483.3539043576097,1500.0,1500.0
Shroff K.,1479.080740302902,1500.0,1479.6471992529628,1500.0
Palkina K.,1479.0463837872326,1488.0,1492.821776991429,1500.0
Koch Benvenuto K.A.,1478.985684495386,1488.423339989658,1500.0,1500.0
Chvojkova V.,1478.916253749861,1486.0311916610121,1500.0,1500.0
Ku Y.,1478.8701962195344,1500.0,1467.5337997922697,1500.0
Wu H.C.,1478.8127112408333,1500.0,1474.1985996963872,1500.0
Kiraly P.,1478.707739353579,1486.3194801015602,1500.0,1500.0
Stoop G.,1478.4949566254486,1500.0,1500.0,1447.262152364738
Barros V.L.,1478.3757831587602,1500.0,1478.141307088909,1500.0
Guskova N.,1478.3550858903964,1500.0,1479.4050887374285,1500.0
Minor B.,1478.1198421876447,1500.0,1474.8062535025929,1500.0
Klugman H.,1478.0805107132321,1500.0,1500.0,1467.1139049310116
Tetreault V.,1477.9571444505245,1500.0,1464.1769672120945,1500.0
Schiechtl T.,1477.919289021972,1479.9303229092084,1500.0,1500.0
Vogt S.,1477.638639672769,1484.8355193772197,1500.0,1500.0
Zhou Y.M.,1477.5557863825259,1500.0,1477.1437007902302,1500.0
Martincova T.,1477.5392571448863,1418.2526259432184,1526.7708654618623,1473.7070928735093
O'brien K.,1477.4897234657208,1500.0,1480.217268169652,1496.7340865510973
Charaeva A.,1477.4504648275786,1500.0,1475.0804442632261,1500.0
Cavaday N.,1477.4214366551955,1500.0,1483.263693206478,1489.908849911875
Geerlings Martinez A.,1477.413244618985,1484.4628231188096,1500.0,1500.0
Zheng S.,1477.2440037097697,1447.0987469318147,1461.540627747541,1389.6185367348276
Allgurin E.,1477.2134058395816,1472.5562421198604,1500.0,1500.0
Kriz N.,1477.1989943779813,1483.8529144073434,1500.0,1500.0
Buzarnescu M.,1477.17411277275,1534.7848458148997,1435.9908500061135,1574.5861783121443
Arcangioli M.,1477.1079767123365,1481.2071257850025,1500.0,1500.0
Bains N.,1477.1079002042652,1500.0,1482.7871317211932,1486.0215208586003
Duque M. M.,1476.9514590523713,1500.0,1475.7002129130387,1500.0
Prisacariu A.,1476.929532605446,1490.6994385911935,1487.141439431242,1500.0
Woehr J.,1476.847188384366,1482.9737893330594,1500.0,1500.0
Parra Santonja A.,1476.843028107236,1508.1185452449583,1357.2009024530828,1450.4880150013362
Vedder E.,1476.773054188071,1478.6272719959381,1500.0,1483.7799785684986
Zander N.,1476.7589373727722,1481.9286794910697,1500.0,1500.0
Brazhnikova A.,1476.6290011287736,1479.887865767258,1500.0,1500.0
Vickery S.,1476.609753439476,1435.6019131320786,1491.4282384221353,1469.0428137773708
Duval V.,1476.5850150476856,1499.1653950909745,1468.1608582108,1450.6323822719196
Liggan K.,1476.5678850106212,1500.0,1476.5678850106212,1500.0
Malygina E.,1476.342562262912,1482.0,1494.5244014537682,1500.0
Cho Y.J.,1476.2635627652182,1500.0,1474.1964068444638,1500.0
Ferro F.,1476.1884810715999,1497.8418078483073,1459.7406170255392,1418.539733789698
Bandecchi S.,1476.0919162202586,1485.4133420826986,1500.0,1480.0
Ji C.M.,1476.0426872191317,1500.0,1475.5961745607615,1500.0
Steiner V.,1476.0,1482.0,1500.0,1500.0
Chang S.,1475.9910154313397,1477.3862724097778,1500.0,1500.0
Burillo Escorihuela I.,1475.9052087731573,1481.1739201577877,1500.0,1500.0
Smashnovai A.,1475.90061358353,1500.0,1475.90061358353,1500.0
Inoue H.,1475.7921913349899,1500.0,1476.2139648019217,1500.0
Stefkova B.,1475.7146665716534,1500.0,1476.306586235318,1467.329451408638
Konjuh A.,1475.6597260153756,1474.8074332054298,1515.7891783737564,1578.4104380376555
Vogele S.,1475.5781081519808,1486.6029726653687,1485.3634883856696,1500.0
Bacquet E.,1475.4310012215615,1481.4724905757002,1500.0,1500.0
Gehrlein S.,1475.3998966482525,1500.0,1472.0579836506956,1500.0
Uberoi S.,1475.208835830414,1500.0,1472.7697947060299,1500.0
Harrison C.,1475.2070269931223,1500.0,1473.0638949653055,1500.0
Lapushchenkova A.,1474.9411585733621,1488.6987437897894,1458.9148225678061,1460.9675806233436
Raymond L.,1474.863058590688,1500.0,1474.863058590688,1500.0
Jafarova N.,1474.7886934020523,1500.0,1469.767329494341,1500.0
Hibi M.,1474.7050826037355,1500.0,1463.549729490163,1500.0
Wang M.,1474.6337857243425,1500.0,1464.2922406582252,1500.0
Cross K.,1474.577727449846,1500.0,1464.5507029673904,1500.0
El Allami M.,1474.4834476833212,1477.6535606661782,1500.0,1500.0
Friedsam A.L.,1474.3459582831608,1479.9514904793207,1499.795006066181,1446.0968853459606
Jimenez Kasintseva V.,1474.3229254419136,1490.9791512534775,1453.3159233493466,1500.0
Tinjic J.,1474.2747048076092,1478.0079872949973,1500.0,1500.0
Zueger J.,1474.220825580759,1500.0,1472.2490587560376,1500.0
Zanevska M.,1474.2113478325489,1514.3617975638758,1444.265500207762,1391.0826143935944
Herazo Gonzalez M.,1474.194613159972,1477.8675906014773,1500.0,1500.0
Duque Marino M.,1474.1260060789064,1488.505025470014,1413.5999232652505,1451.8955376148965
Jing L.,1474.052303907904,1500.0,1470.4627350267483,1500.0
Molinero F.,1473.9672873441716,1487.6694904786477,1485.002283005938,1500.0
Soboleva A.,1473.9466908377517,1488.8343679519087,1481.8582643470693,1500.0
Manasieva V.,1473.8238419694294,1476.0372274896486,1494.617599102746,1468.0195954160342
Candela E.C.,1473.7355128008808,1479.8726279260654,1500.0,1500.0
Mansouri Y.,1473.7261619092394,1500.0,1465.0709925684646,1500.0
Han N-L.,1473.7050630217207,1500.0,1467.8831155354371,1500.0
Janicijevic S.,1473.5263748860666,1481.8397189308564,1476.647279032939,1500.0
Nara K.,1473.4518873798645,1519.1252042948242,1421.5565449144706,1436.9091308079162
Ce G.,1473.384084980475,1489.058128445413,1484.6844152924411,1500.0
Sequera M.,1473.3118472622987,1512.9759035160048,1479.3446310487816,1480.4246825414284
Cohen A.,1473.1765559509042,1500.0,1472.1260346980955,1500.0
Appleton E.,1473.0423677693373,1500.0,1500.0,1468.6734712328591
Pigossi L.,1473.0132938155,1508.9205039853364,1424.7110044066894,1467.768048221335
Wongteanchai V.,1473.0117574214694,1500.0,1464.6404480923804,1500.0
Rosatello C.,1472.9175670350135,1458.7739246435508,1482.9717787044992,1500.0
Kustova D.,1472.9118008402627,1479.9550051865117,1487.0540123822982,1500.0
Evtimova D.,1472.865334414335,1480.1585778682327,1500.0,1500.0
Kobori M.,1472.849821202612,1500.0,1470.850019933894,1500.0
Liu A.,1472.7093404975863,1500.0,1467.8280326917302,1500.0
Gubacsi Z.,1472.648989445488,1479.122315834997,1500.0,1500.0
Gerasimou A.,1472.6358846947555,1500.0,1470.34090600999,1500.0
Gojnea M.,1472.6151997309883,1478.8871068117323,1500.0,1500.0
Topalova G.,1472.6140421294838,1479.4974455462316,1500.0,1500.0
Pedone G.,1472.5656872739664,1475.898060655047,1500.0,1500.0
Kalashnikova O.,1472.5369983663984,1500.0,1473.446319076381,1500.0
Panova A.,1472.5050738213567,1486.3734870541102,1429.57711780878,1465.0129175420248
Martinez Cirez C.,1472.4668873910255,1476.414300586377,1500.0,1500.0
Kolar N.,1472.453076281988,1483.4058788344073,1481.2299381994076,1500.0
Lottner A.,1472.348027830195,1420.9098872845711,1451.0208916552417,1501.5742580364947
Kudryavtseva A.,1472.2721362554053,1421.6416118742472,1428.691698853964,1464.9990079497613
Mamic S.,1472.1368325472906,1476.7079015403435,1495.0590578889157,1500.0
Orlik A.,1471.9846274026977,1482.264287832206,1500.0,1500.0
Pieri J.,1471.9496841080802,1487.6675101047053,1484.1170695555177,1500.0
Maes C.,1471.886019955689,1500.2262556422045,1472.629725427378,1500.0
Torres Sandoval M.,1471.870406402155,1487.7160161622662,1488.438057142488,1500.0
Pervushina O.,1471.8348070530428,1500.0,1472.07226546236,1500.0
Linetskaya E.,1471.3996456098,1500.0,1472.344302516648,1500.0
Luzhanska T.,1471.3439997940973,1485.953969601558,1492.1329820794472,1500.0
Han X.,1471.2837617743178,1501.7908092506016,1442.1026913475114,1476.744284971913
Huck V.,1470.9933447392802,1478.7227735260633,1500.0,1500.0
Ormaechea P.,1470.9901394783292,1512.73793373073,1437.0877636119596,1426.091028707459
Sfar S.,1470.9191799454131,1497.8518389810386,1444.8480081762846,1500.0
Wong C.,1470.8158069650221,1500.0,1470.0706900461794,1500.0
Cepede Royg V.,1470.8112038558652,1532.2624078859378,1434.5303189744952,1440.282906426711
Erakovic M.,1470.7986373934816,1471.7643652006814,1447.3947954939345,1507.979655925241
Dominguez Lino L.,1470.7912605912932,1529.0600549843475,1379.1628417880277,1468.654718517249
Wheeler C.,1470.7516307057278,1500.0,1473.2635270836852,1500.0
Vierin N.,1470.6374463627405,1475.7661830652291,1499.5441866040933,1500.0
Likhovtseva E.,1470.5906465229623,1488.4837381459142,1436.6737511934512,1516.6737086254452
Strakhova V.,1470.5290308196566,1492.659546682353,1484.0,1500.0
Stojsavljevic M.,1470.4417648118474,1500.0,1480.5017520818535,1467.8613188166019
Carle M.,1470.2422542853424,1476.4075938456906,1442.8249383641742,1460.1988070877483
Gibson T.,1469.8368666672536,1500.0,1457.370094648786,1473.1333812424089
Dokic J.,1469.7213790903336,1417.8332603301283,1489.3559965047389,1511.6327724142193
Liu F.,1469.6873457363731,1500.0,1453.6792901131018,1500.0
Burger C.,1469.6261524928436,1502.6839325928997,1466.141687594203,1500.0
Cohen Aloro S.,1469.589244150317,1521.9886451202324,1409.9628595144245,1470.0
Dinu C.,1469.576150789508,1471.4422161409182,1500.0,1500.0
Back D.,1469.4506385728575,1500.0,1465.6915920041627,1500.0
Andreeva E.,1469.4385628845284,1425.1066313226809,1479.0360936001505,1515.7101546008648
De Lattre M.,1469.4124584250476,1480.868810609819,1500.0,1500.0
Ristic M.,1469.1145020514377,1478.7187765487822,1500.0,1500.0
Saigo R.,1469.0814511546255,1500.0,1463.8157748513497,1500.0
Lukacs V.,1469.0607144525513,1475.7948600443922,1500.0,1500.0
Lisjak I.,1468.9800818761635,1487.9723730864112,1476.701003540641,1500.0
Shinikova I.,1468.8249374612185,1478.6538625101741,1473.6605518916492,1500.0
Wejnert M.,1468.6452731268569,1500.0,1465.7343484256357,1500.0
Gabueva A.,1468.4517796968237,1477.437336282052,1500.0,1500.0
Grant T.C.,1468.3771332252531,1488.0,1479.1971051875648,1500.0
Roma S.,1468.267597390897,1479.7736919699803,1486.137292423624,1500.0
Costas L.,1468.2529861663947,1476.24803007885,1500.0,1500.0
Nugroho P.,1468.15563507474,1500.0,1468.2724003883263,1500.0
Di Sarra F.,1467.905001310967,1474.2415209426124,1500.0,1500.0
Silva E.,1467.8593782777293,1500.0,1500.0,1457.0829510050412
Jurikova L.,1467.7822238579995,1470.1778786170019,1500.0,1500.0
Iyer T.,1467.7811200572191,1500.0,1465.1051061271562,1500.0
Baltacha E.,1467.779183201491,1443.9974838907947,1464.600507859933,1470.314963247622
Shimizu A.,1467.7311147628075,1500.0,1464.8454388226246,1500.0
Aksu A.,1467.7303798317234,1475.9787442659233,1500.0,1500.0
Hantuchova D.,1467.5481074463323,1529.5541798287154,1453.8753603764974,1554.3171929909513
Chan C.W.,1467.5454467808925,1500.0,1467.3048292922658,1500.0
Taylor G.,1467.4476999753333,1500.0,1500.0,1458.1280988656304
Sun S.N.,1467.3986498118709,1500.0,1467.3322034933567,1500.0
Qostal L.,1467.3023141524243,1478.0525401313967,1500.0,1500.0
Jones F.,1467.275325740831,1497.7481840083296,1453.6527893819725,1432.8519071785777
Aiava D.,1467.2009494798706,1470.1760163053739,1446.1826051067032,1505.3471022216856
Wolfe J.,1467.1396636925754,1500.0,1467.3690441020963,1500.0
Sugnaux T.,1466.971818494051,1475.0830236189074,1500.0,1500.0
Park S.,1466.7969866638862,1500.0,1462.92871146335,1500.0
Dunne K.,1466.7697943190685,1500.0,1500.0,1443.2721157474239
Kops-Jones R.,1466.6963986425299,1500.0,1484.0,1480.0
Monroy Y.,1466.677183068976,1476.368476777902,1500.0,1500.0
Weinhold A.,1466.5576254196073,1500.0,1457.867564327691,1500.0
Rodina E.,1466.1978184932736,1365.1712395718068,1467.7329931032755,1551.3439540472339
Caregaro M.,1466.0449860988297,1488.10446731805,1481.785112675876,1500.0
Eraydin B.,1466.015462577539,1484.4197190543475,1484.2269777406489,1500.0
Anderson R.,1465.7450900455192,1492.8193017061014,1471.6324332073104,1500.0
Lykina K.,1465.7153455660102,1500.0,1481.429527220867,1480.0
Gerlach K.,1465.694757960632,1469.1969938433235,1500.0,1500.0
Ivakhnenko V.,1465.6570508712823,1482.8369663964424,1486.5731986182627,1500.0
Glushko L.,1465.642059294078,1480.6832031176089,1480.0288352870193,1500.0
Grandin N.,1465.4977517899322,1500.0,1456.606453015415,1500.0
Johansson M.,1465.364653037634,1453.41453844302,1352.752410319651,1501.8704594931826
Williams V.,1465.2549748728545,1522.4167783148387,1486.0595810644502,1647.5983464571718
Gamiz A.,1465.0558517955685,1479.7702452166684,1481.2811243417766,1500.0
Brandi K.,1464.8195140540547,1500.0,1483.312176465167,1468.2749661664639
Lister C.,1464.7821228380271,1481.1763846691256,1500.0,1480.3237645693878
Arn G.,1464.6329404581868,1490.0113488544662,1474.43922731788,1462.5331098828992
Atik R.,1464.5613094305156,1475.1056061262686,1500.0,1500.0
Trevisan M.,1464.449014579494,1520.1236679900676,1452.9442352929998,1364.3810558649957
Rottmann N.,1464.2216327234814,1486.8409355251918,1483.7211540316455,1500.0
Lertpitaksinchai N.,1464.1732680889436,1500.0,1459.4844204401602,1500.0
Pous-T L.,1464.0702863709469,1487.8485513396308,1482.8331785147757,1500.0
Radanovic D.,1464.0219278968218,1494.0782671839593,1465.4289909798226,1500.0
Martinez Granados C.,1463.9668958514467,1476.2886250322258,1500.0,1500.0
Sanchez M.,1463.654625883634,1500.0,1444.145545204356,1500.3927143232138
Schunk N.,1463.5327283332017,1471.5623919841646,1490.1596001814032,1476.0722737184863
Moore T.,1463.4441605564127,1500.0,1484.0,1425.4506304241384
Stojanovic N.,1463.33234494767,1446.5160936602322,1483.4000885326348,1496.1099995185966
Ekshibarova V.,1463.2744312647942,1500.0,1463.3713374761726,1500.0
Nahimana S.,1463.1299052616555,1472.3879658733754,1500.0,1500.0
Preston T.,1463.128170826907,1500.0,1463.4015557989292,1480.0
Chen Y.,1463.0914769525602,1500.0,1465.667268547245,1500.0
Mendez S.,1463.055967940619,1500.0,1460.6803901568264,1500.0
Naklo T.,1463.010245800526,1500.0,1458.8864169424885,1500.0
Gumulya S.,1462.9961233525444,1500.0,1457.2986407118347,1500.0
Tvaroskova L.,1462.8795121409719,1474.6130270197334,1500.0,1500.0
Torro Flor M.T.,1462.6985811579952,1456.0088829358856,1480.7408572220893,1477.0385451872976
Olaru I.,1462.590652115732,1472.9033555742408,1452.6387645625648,1464.6363787041705
Monnet C.,1462.5021081066723,1449.0667522336228,1500.0,1500.0
El Aouni A.,1462.4228818444124,1471.652378018272,1500.0,1500.0
Zhuk S.,1462.3902627602968,1485.7850036855154,1470.0877840738121,1500.0
Hendler T.,1462.2980038639805,1477.9577802679087,1489.7505339490149,1500.0
Baindl K.,1462.1875047499384,1530.3998191249586,1445.780761456759,1404.2499946719283
Contreras Gomez F.,1462.1642284915342,1507.1480395393787,1450.7636334453662,1467.8947209921296
Rouvroy M.,1462.0197060428457,1471.4777202982166,1500.0,1500.0
Simmonds C.,1461.7783456033158,1500.0,1459.827734992717,1500.0
Jakupovic D.,1461.6798491729487,1448.8096093599547,1475.0541445190138,1522.078280618969
Szabanin N.,1461.6070997641727,1468.1831717300245,1500.0,1500.0
Benoit M.,1461.528938715519,1470.8477153899937,1500.0,1500.0
Jamrichova R.,1461.3523660233773,1486.38377314614,1469.8256843450904,1500.0
Ferrando C.,1461.1713961244184,1488.4846714157468,1466.1252694018913,1500.0
Garcia Perez G.,1460.9093425058904,1469.1788746149487,1456.2441987439447,1510.5780615869767
Barte H.,1460.8038343706435,1500.0,1454.8440891095454,1500.0
Georges M.,1460.7816312870473,1466.429417972824,1488.1067239759243,1500.0
Sun S.,1460.6257748391124,1500.0,1451.6432058139603,1500.0
Jia-Jing L.,1460.4518032461951,1500.0,1460.219624654963,1500.0
Baker L.,1460.4427640882095,1480.823157568831,1484.0,1500.0
Botto B.,1460.3826095800546,1475.4203986849905,1500.0,1500.0
Guo H.,1460.1528931599858,1500.0,1445.1519180650885,1500.0
Kraus S.,1460.1345571060797,1502.2950445764063,1449.9860201990416,1500.0
Parmentier P.,1460.067243805141,1447.5126500845015,1496.3200879054223,1348.4846097619852
Maleckova J.,1459.963169199239,1469.2802196390987,1488.9766669116616,1500.0
Xun F.Y.,1459.8651192293585,1500.0,1457.8553795420182,1500.0
Bonaventure Y.,1459.840629076835,1411.6985789938485,1532.3525933982062,1426.2800636125075
Floris A.,1459.6602499439202,1461.4485251915694,1500.0,1500.0
Marand S.,1459.4937523094752,1488.0,1471.4735363035377,1500.0
Lee Y.R.,1459.4461914178341,1500.0,1456.001545836051,1500.0
Zahlavova Strycova B..,1459.4055026531116,1487.4924412693476,1468.919044759483,1487.9915894340459
Mirza S.,1459.1372032324277,1466.9783020750863,1456.2707806838607,1450.2402101512769
Semenistaja D.,1459.031798231955,1486.3950625337552,1468.7448347926943,1500.0
Falei A.,1459.0148746179536,1487.6962486917223,1469.9076068935635,1500.0
Swan K.,1458.9401387406547,1500.0,1511.2320821088756,1349.8651429328715
Lee G.,1458.800902180849,1464.2399661976401,1500.0,1500.0
Chiesa D.,1458.6601251558404,1455.7392399251248,1500.0,1500.0
Bobusic B.,1458.5418365080966,1500.0,1454.6584364148157,1500.0
Udvardy P.,1458.352669720432,1440.87397276867,1466.0910694567922,1443.5261283061852
Flink V.,1458.338277745985,1479.8583545265765,1432.5883815103805,1515.7045426961286
Han N.L.,1458.2716012600526,1500.0,1432.6191173850634,1500.0
Sema Y.,1457.8958994184268,1500.0,1452.8297114407853,1500.0
Duan Y.Y.,1457.8111791571655,1455.1311931711612,1445.798422424613,1476.969209807121
Arefyeva T.,1457.7735543899926,1489.0898632063654,1471.5994841003512,1500.0
Bolsova A.,1457.7365632726096,1474.5855997438618,1467.3959983357609,1467.8205999098964
Kucova Z.,1457.6674894717066,1510.2597783718209,1412.179431664195,1466.902810162485
Myskina A.,1456.8247493220658,1481.703522341339,1484.0,1500.0
Chan Y.J.,1456.4054777578153,1494.180299566988,1420.9904853798803,1411.0555879808364
Pous-T. L.,1456.2823572477355,1500.0,1454.2257538536944,1500.0
Honcova M.,1456.264736696597,1466.2708715641584,1500.0,1500.0
Koukalova K.,1456.1682470237768,1507.798192686319,1357.5276777473102,1527.0798885119657
Washington M.,1456.038087495219,1487.5977211343616,1476.0592179051343,1500.0
Bai Z.,1456.0317214898491,1455.9881161277306,1472.9287801076266,1476.6607424977567
Mandlik E.,1456.0163379495018,1470.8632108938548,1461.1340526337224,1511.2969732458723
Ejdesgaard M.,1455.9583321102905,1500.0,1456.0204127420186,1500.0
Eikeri U.,1455.6034705358393,1472.403754066819,1464.7281179476822,1500.0
Chong E.,1455.5726790110248,1500.0,1453.5840748288028,1500.0
Ngounoue C.,1455.3195262792794,1487.4630260454883,1457.2081744135746,1500.0
Dechy N.,1455.307350922633,1430.9881265789136,1496.056160428377,1454.0098844952422
Georgatou E.,1455.2663980666089,1500.0,1454.345606478542,1500.0
Hontama M.,1455.0852538275735,1500.0,1428.7255662115256,1495.2628767414483
Ozegovic N.,1455.0715848942207,1485.7819252526922,1472.6876676719783,1496.7069831630122
Sprem K.,1454.9429466299116,1438.3338450810024,1465.8578016078654,1467.3003695012494
Grymalska A.,1454.7299528694625,1458.510187323835,1500.0,1500.0
Aoyama S.,1454.606218138017,1500.0,1465.6925316196694,1480.0
Ivanova E.,1454.5157588434397,1458.505258537045,1474.123855021169,1500.0
Alves C.,1454.4348948313916,1469.278008728548,1484.0,1500.0
Vikhlyantseva N.,1454.4116210546204,1467.5511067077755,1428.0882324305574,1488.490273579551
Celik S.,1454.4000159516852,1476.7962277886622,1482.0089812862282,1500.0
Fernandez C.,1454.1516834194472,1500.0,1452.800590947525,1500.0
Lee Y.H.,1454.1084786959404,1500.0,1441.4902132423151,1500.0
Scott K.,1454.0703944143283,1486.8929669333838,1460.3070562301573,1500.0
Alves M.F.,1453.631742449423,1500.0,1452.7445620426556,1500.0
Han S.H.,1453.3393561784762,1500.0,1448.686479667579,1500.0
Cengiz B.,1453.277063049933,1459.7816649798108,1500.095677453711,1500.0
Wei S.,1452.9706347503934,1500.0,1432.2360686606223,1500.0
Radwanska U.,1452.8955501649373,1406.596801429321,1479.1007810734848,1487.664634775702
Koryttseva M.,1452.0331325779343,1429.4262207092947,1498.5247665707182,1407.0132698646057
Kalieva E.,1451.4493539083405,1490.7529533286347,1459.1434249092288,1500.0
Olmos G.,1451.4401250547555,1500.0,1446.9921517835728,1500.0
Date-Krumm K.,1451.3411393233932,1455.9795793937985,1475.066122314804,1500.0
Grabher J.,1451.2500242078652,1525.0963291099927,1409.8150628987119,1440.512731374216
Smitkova T.,1450.926720357077,1437.7160910063026,1483.099356165658,1448.171501084802
Nagy K.,1450.684236637874,1469.204040525271,1485.9163164762724,1500.0
Morigami A.,1450.44777953882,1469.5853249770807,1450.84147565456,1492.383344672752
Yang Z.,1450.3068954436121,1500.0,1439.3257356305473,1500.0
Kichenok L.,1450.2261542311103,1500.0,1453.448759187991,1486.4777405275331
Stosur S.,1450.144206978424,1662.054242385306,1455.2755004616606,1438.5540067182715
Glushko J.,1450.1403577759734,1461.166730402849,1448.4373165123802,1471.2761155859052
Senoglu I.,1450.1350380144536,1461.9295905701256,1500.0,1500.0
Serban R.,1450.1153877620122,1457.5969164131916,1500.0,1500.0
Lu J.J.,1449.915558446525,1500.0,1451.4993237791348,1500.0
Oprandi R.,1449.8692651201989,1475.2138586025785,1472.641430807416,1437.2294540389162
Palicova B.,1449.8097554094009,1486.966825532777,1465.9006350999034,1500.0
Groenefeld A.L.,1449.807259744945,1472.549410504996,1454.2820649246944,1399.1421916713184
Moore J.,1449.8003215344768,1500.0,1446.125271293073,1500.0
Bulgaru M.,1449.661180300946,1458.6827924723232,1500.3748723932463,1500.0
Kiick A.,1449.3995034826482,1494.406928944621,1423.3814891487484,1500.0
Yonemura T.,1449.2252105398557,1500.0,1449.739633357442,1500.0
Czink M.,1449.1355862866264,1427.776922981441,1461.140644163997,1526.9993396699224
Piedade F.,1449.0713607942994,1466.541724425405,1500.0,1500.0
Gadecki O.,1448.9176751502237,1463.0091573982288,1499.3313858347874,1412.9651066856466
Bremond I.,1448.867671377189,1495.1106576349343,1441.801957276971,1500.0
Hrdinova E.,1448.7733572763682,1498.7459086623396,1463.0302643673758,1472.077738961003
Zaja A.,1448.7521307941952,1478.1322130748702,1475.2262741184136,1470.0
Marino R.,1448.6445969875874,1478.5516611167375,1417.639231255916,1450.1043958687308
Rezai A.,1448.636352038172,1533.4306324597521,1484.173836216789,1508.3008484995514
Holland I.,1448.6263393534566,1500.0,1445.9602277768383,1500.0
Nunez Fuentes V.,1448.6119443548414,1464.9117776620776,1500.0,1500.0
Feuerstein C.,1448.452275665029,1443.1619743712524,1463.4095213495839,1500.0
Kim S.J.,1448.3824045065426,1500.0,1442.4777708376726,1500.0
Lizarazo Y.,1448.107784250578,1460.6990738787465,1500.0,1500.0
Papamichail D.,1448.059698796374,1477.5401023911872,1470.7898745065688,1500.0
Jang S.,1448.055415744977,1500.0,1433.1986909710502,1500.0
Smashnova-Pistolesi A.,1447.8567841696236,1481.6022580263314,1500.0,1470.0
Vaidisova N.,1447.3580314182877,1474.6592653383086,1486.6733164055668,1602.1580800884612
Savinykh V.,1447.318941944422,1474.7082419589199,1461.1011243888079,1478.301069536079
Zheng W.,1447.0917043124246,1500.0,1443.433668794114,1500.0
Paszek T.,1446.4795115528261,1363.246067902443,1421.9843811708547,1542.1533134902204
Fossa Huergo N.,1446.0620773013745,1471.1614284323398,1483.8999890673851,1500.0
Jugic-Salkic M.,1445.9932166987346,1464.2173658170298,1496.1785304370903,1500.0
Camerin M.E.,1445.981769368865,1428.3018349213453,1427.0651499792957,1337.643521641688
Foretz S.,1445.4078060243335,1453.0358091671992,1419.2799669918304,1445.7237585906018
Prozorova T.,1444.5823044722872,1495.7941679337976,1436.3288044485294,1500.0
Plipuech P.,1444.1963121216859,1500.0,1435.7882924621174,1500.0
Schultz McCarthy B.,1444.0333159477048,1500.0,1454.4825464829592,1480.0
Falconi I.,1443.862482785956,1529.4467689664284,1403.805299468697,1447.8708300746762
Zhang Yux.,1443.4886531157204,1500.0,1443.2998330315434,1500.0
Bondarenko K.,1443.397382929212,1397.9197035872598,1511.2123250031161,1500.0029615607136
Oz I.,1443.3423106292087,1476.2506206064415,1458.637014349008,1500.0
Soylu I.,1443.2673970512985,1451.9410291077925,1475.5675812207521,1500.0
Betova M.,1442.963397395887,1500.0,1459.1704971806607,1473.320581216167
Liang E.S.,1442.3671391764226,1489.0194798084403,1451.533769617331,1500.0
Lu J.,1442.1065435145404,1500.0,1442.7224516713964,1500.0
Zacarias M.,1441.938462380866,1472.4984522459592,1470.6418428906209,1500.0
Parrizas Diaz N.,1441.8359458196935,1433.5296026302135,1488.1595833937965,1399.15197625882
Badosa Gibert P.,1441.3047340555177,1486.1983350653297,1446.690135076469,1479.16212935605
Rodionova A.,1441.0842975775927,1433.3302542532392,1430.4698604341559,1451.4336596425248
Bachmann A.,1441.0000798703593,1499.307989087051,1428.814366125729,1500.0
Hatouka Y.,1440.8758142624692,1476.7038799541035,1486.1372133835662,1455.563245375512
Harkleroad A.,1440.7058184625064,1459.7091923345547,1478.8853432174678,1451.2621306178607
Spears A.,1440.679184379349,1492.5621687589091,1453.5675735343439,1459.222687579491
Silva N.,1440.610368828842,1464.2297810324349,1479.6794080498676,1487.136665040277
Stevenson A.,1440.2780164656085,1480.441695604474,1471.581161365457,1480.0346967638088
Brianti A.,1440.043147535939,1453.805669267136,1456.5955658965165,1353.7808674381135
Hozumi E.,1439.5460838492363,1500.0,1442.2946838480916,1480.9254644279822
Melzer I.,1439.3600108174523,1451.2567574856537,1478.6987498475241,1500.0
De Los Rios R.,1439.2425173988074,1416.248781752151,1442.1358302159367,1497.2341410801955
Oudin M.,1439.108375976537,1446.8458524947032,1408.3010841156492,1533.6120046731378
Sadikovic A.,1438.950439020686,1483.3600379312422,1451.773818632302,1496.4994191798717
Cepelova J.,1438.8936851992526,1489.107556535163,1411.1848262454948,1496.3431490454636
Laine E.,1438.7171723411927,1482.092019897487,1458.3778410653101,1500.0
Gorgodze E.,1438.4629692195379,1463.830405250308,1459.8564699696092,1466.705507072094
Chang K.C.,1438.1481117000822,1434.261046701605,1470.2211281868972,1380.5429573013894
Hobgarski K.,1437.9966338290242,1444.5070936052073,1500.0,1500.0
Bara I.,1437.93564935071,1452.9854824002325,1428.0561285275808,1501.7146631089286
Brancaccio N.,1437.6811207185044,1435.3631913895435,1500.0,1500.0
Brodsky G.,1437.5481607906604,1500.0,1426.520421183889,1500.0
Lemoine Q.,1437.2418446816514,1457.3633921123749,1483.2976887426641,1500.0
Mladenovic K.,1437.0289725731411,1486.707390786268,1514.1454840082545,1562.7453590824248
Webley-Smith E.,1436.9759642598583,1500.0,1465.8375847634165,1453.0870929583284
Farhad K.,1436.6326244152044,1500.0,1436.0018871785662,1500.0
Keothavong A.,1436.386593422534,1445.3853407157394,1485.4788463344505,1391.5638236625916
Gallovits E.,1436.2743076500813,1489.0513729848433,1421.691500400581,1393.8224520898486
Hogenkamp R.,1435.7301563416554,1480.528871666678,1423.2036630709308,1454.539977290225
Lalami N.,1435.2808442036107,1459.354879341684,1489.9555606538245,1500.0
Tikhonova A.,1435.0296993378445,1476.7049944075281,1472.9299609329332,1485.5481460327533
Laisne K.,1434.8943311712462,1463.718346363277,1484.0,1500.0
Tu M.,1434.6405282007245,1501.7629845135914,1423.1989829351442,1504.1564926017888
Loit E.,1434.6123959560748,1477.956314354498,1435.4201822568189,1503.921831999849
Birnerova E.,1434.4623779353396,1409.6396609540136,1445.7847975689565,1489.1240923439982
Puchkova O.,1434.2121573746454,1461.5384935590382,1443.2015048526978,1458.022593041081
Kerkhove L.,1434.1113331858899,1460.6651087813248,1480.8414049207515,1453.771704381453
Jaksic J.,1434.084035361676,1466.0767455988907,1485.8893159701595,1458.2881161907424
Robson L.,1434.0253603163233,1501.4818989606579,1472.181376620312,1439.066625006698
Wienerova L.,1433.7761328059573,1477.9784032458297,1451.1714494843272,1500.0
Fujiwara R.,1433.3285902987066,1488.7919156992887,1442.5249722708882,1477.6000784208002
Buyukakcay C.,1433.1228082798968,1451.3379665901696,1420.8726073848488,1469.7892945981084
Lepchenko V.,1432.8225107754188,1449.0743581492802,1444.5388770656452,1385.7359205524676
Bektas E.,1432.7840512038906,1491.975575768165,1393.2608712863534,1491.665622049588
Ozgen P.,1432.7787061508197,1439.7957086568608,1496.717543683487,1500.0
Medina Garrigues A.,1432.7547230132152,1561.0473467089687,1396.449596008946,1466.5249824806258
Doi M.,1432.5883217153907,1407.27803828616,1473.897153902903,1449.9155588186009
Di Lorenzo F.,1432.5720590994013,1428.303858290397,1486.004796696869,1500.0
Jorovic I.,1432.1323472033303,1440.8161512711117,1451.3000301717018,1512.2355003343782
Majeric T.,1431.0671842693487,1467.4267488487678,1456.8075840965112,1500.0
Gao X.,1430.5273874181848,1500.0,1423.7999328184478,1500.0
Arconada U.M.,1430.5212298754245,1474.9692483638719,1441.3330652372013,1500.0
Rodriguez V.,1430.1161200016747,1478.3665679777969,1441.6075531795373,1500.0
Hartono A.,1430.0662311236588,1474.0728884765044,1436.3081647119375,1491.4835405679764
Kato M.,1429.766834093466,1471.4100249462244,1460.6260367087737,1482.3926562365116
Eguchi M.,1429.293780099463,1500.785913658386,1420.2380415942753,1500.0
Mchale C.,1428.9271699854207,1447.6870768263252,1493.6522852750852,1364.9683603052886
Hermoso X.,1428.826736993478,1475.146437542608,1447.2303997621436,1500.0
Chirico L.,1427.7029741508857,1469.6388471509877,1404.0814345820072,1442.4885621546282
Jeanjean L.,1427.6100818340374,1536.4661874712965,1352.46617693041,1446.4141961393047
Murray S.,1427.2820718737898,1500.0,1483.8691974339806,1401.3117353659807
Pereira T.,1427.153884516376,1474.0832873881811,1442.6053896390833,1412.2689973318134
Jones S.,1427.1278277580523,1493.8073805475588,1426.5982041376992,1500.0
Zhang L.,1427.0734145515128,1500.0,1415.3691511375587,1500.0
Tulyaganova I.,1426.1088194860833,1500.0,1426.7290422030032,1500.0
Pratt N.,1426.0332441497283,1455.5697153174883,1442.0912568346969,1501.257741029543
Vakulenko J.,1425.8954616489436,1448.8393022200546,1492.4508433823903,1456.03476903582
Kucova K.,1425.425417032921,1431.3722708488021,1446.286451193599,1481.189187140415
Cecil M.,1425.0166611649386,1472.4641196721059,1446.6869855468399,1500.0
Klepac A.,1423.5252143211687,1488.1705944717332,1389.4069737405582,1500.0
Olaru R.,1423.4594476924983,1456.7508597903434,1500.0,1480.4821811463405
Rodionova Ar.,1423.1822330374366,1454.1508980257086,1402.4285804076512,1475.4327693445107
Kuwata H.,1423.1349747897746,1486.2254883562643,1431.5045776262107,1500.0
Xu S.,1422.7351399773718,1478.6451916016883,1445.1862292111648,1500.0
Luangnam N.,1422.6436733544292,1500.0,1417.4260056143703,1500.0
El Allami Zhara F.,1422.1231177883606,1435.9088715286462,1500.0,1500.0
Von Deichmann K.,1422.1216732573896,1482.9323758935382,1437.5824437468411,1500.0
Ozaki R.,1422.1184984032382,1464.3353995387868,1441.8735913517753,1437.7522222905766
Cohen J.,1421.332485058168,1463.6906996540638,1449.8551351556048,1500.0
Castano C.,1420.5495252275277,1465.7780070724755,1401.529657844331,1440.343238143678
Rolle A.,1420.045858979141,1461.364006897129,1453.6534603431205,1500.0
Hibino N.,1419.4291013133482,1389.9115493048753,1456.715861080854,1361.4430366798406
Irigoyen M.,1419.3777328669737,1467.0803526960337,1449.4532318118581,1500.0
Mayr P.,1418.9033991159017,1417.5476927058407,1448.4248584269358,1401.8101494755153
Danilina A.,1418.6323145544986,1494.6943786621823,1436.4226495476805,1473.415841009745
Minella M.,1418.5581485369466,1443.8736410702738,1411.9986267782535,1392.566844248704
Inglis M.,1418.4466364227096,1483.4663776212078,1433.0847193590917,1437.9161072862255
Sema E.,1418.3374289808687,1500.0,1408.2688079578038,1500.0
Dabrowski G.,1417.8951317650567,1490.1509005644623,1417.3117118683836,1500.0
Mitu A.,1417.3784959328002,1480.9742854972778,1394.5496019787613,1434.9776269063361
Jang S.J.,1416.4661958376569,1500.0,1407.856771103664,1500.0
Obziler T.,1416.2465873364094,1437.9634081213917,1517.0156772531582,1426.9855578172187
Kutuzova V.,1416.0759679572107,1494.7721084150005,1397.0136468349044,1423.9481757362416
Al Nabhani F.,1415.4287650472154,1500.0,1405.0605198613873,1500.0
Sucha M.,1415.2214444563933,1463.0892976906694,1476.6738656071773,1470.0110883626262
Bremond S.,1414.9715030730842,1411.0844713100664,1474.9975490410786,1377.098904871926
Salerni M.E.,1414.7992219650619,1471.3218153408,1438.6677554443854,1500.0
Adamczak M.,1414.6345667693754,1500.6771969367499,1397.1160937690265,1500.0
Sherif M.,1414.519831820007,1530.4948933988092,1298.9219262841966,1422.8074754301422
Paquet C.,1414.0997941236112,1480.7351038718841,1324.3522130131778,1475.9847299995313
Lim A.,1413.7491524864915,1418.046072460707,1480.1856640627345,1500.0
Kania P.,1413.3997925171016,1474.647316905715,1447.6593216982458,1458.2311969908887
Yuan M.,1413.063210402148,1470.1090834293946,1449.23895418326,1449.6296775309456
Zhao C.,1412.4380049438776,1478.9799032170188,1420.0861101582043,1465.4602501055774
Malek T.,1412.148689517726,1398.6470915449756,1426.9256293638402,1460.349865057892
Pavlovic I.,1412.050171034805,1454.8042694912353,1456.5919315663743,1500.0
Karatantcheva S.,1411.562946309007,1441.7724022854695,1442.7195332192034,1476.1241577205185
Klaffner M.,1411.5331705228284,1457.4302589650604,1456.238622075041,1500.0
Cravero J.,1411.4631733139179,1488.622418714618,1419.754586989184,1477.20463500876
Barrois K.,1411.3484808897308,1520.3481263589713,1348.376057011812,1486.8955698198909
Amanmuradova A.,1410.8311213642885,1422.6945942478378,1421.37606949619,1353.982503552784
Pelletier M.E.,1410.7245256811445,1487.470725033192,1416.0004472170308,1500.0
Piter K.,1410.0004104986083,1452.6575703807378,1440.3347695874816,1463.048143406874
Bratchikova N.,1409.0859263274244,1412.2585865612587,1475.4654086820838,1426.6481179124507
Govortsova O.,1408.6985826676655,1343.8020383355704,1465.214171723035,1438.1384301855135
Min G.,1408.616012168001,1427.9211171877716,1429.213376257337,1466.5254511339724
Lao D.,1408.4160363847466,1500.0,1436.9430617046048,1438.8843895671805
Zavatska K.,1408.3609743934087,1432.3124280233499,1448.0920467970157,1500.0
Bychkova E.,1407.700253993873,1404.0840132986993,1453.2458485598793,1424.439458903939
Granville L.,1407.1257452551768,1452.1829429620095,1405.3428312014025,1545.3879395390868
Mestach A.S.,1405.191717761251,1486.4715167985562,1428.7669274259117,1459.3068877164617
Hesse A.,1405.0421367694616,1411.3130719746284,1459.7248564619683,1469.3319542754298
Kostova E.,1403.9644394162474,1470.0256696476522,1404.5053312138696,1500.0
Jackson J.,1403.4570495081587,1482.0547347691547,1426.0488175643982,1455.4983425620767
Yan Z.,1402.4029930051902,1451.91880576392,1455.9281706981144,1420.3451841237797
El Tabakh H.,1402.042317577396,1474.1511622044475,1423.0842066774176,1500.0
Jani R.L.,1402.032573010157,1420.4950245806965,1462.4678125551734,1500.0
Raina A.,1402.0116258599123,1477.1643785643653,1414.7481977582638,1459.3182518757594
Sharipova S.,1401.9938720391854,1500.0,1402.929190137942,1500.0
Barthel M.,1401.3567412870088,1446.0640671237688,1518.697943157057,1355.3435043949457
Shaughnessy M.,1401.0780562054629,1518.1148280474526,1379.3967960442596,1470.9842914899948
Santangelo M.,1400.478756768692,1441.7821225254554,1431.1475594440083,1536.0295528013542
Abduraimova N.,1399.7239277339595,1475.072257352503,1419.269270623244,1500.0
You X.,1398.639301823458,1473.9983498111346,1412.9976682090517,1500.0
Andrianjafitrimo T.,1397.5212567697058,1436.4075522687779,1472.6638365246715,1500.0
Gatto-Monticone G.,1396.1359474312874,1431.58122740707,1463.1630187186263,1463.3491815205266
Savchuk O.,1396.0044434136846,1438.2887474031763,1391.7390617780015,1482.272707839691
Albanese L.,1395.0610715939029,1488.2346187772994,1406.2446205784122,1500.0
Craybas J.,1395.012195143157,1417.1490957182064,1406.008065881766,1361.1413138553794
Muhammad A.,1394.6182168335465,1464.217040891323,1426.8130407578838,1466.2261415597459
Bassols M.,1394.3556672416305,1460.5710556039335,1409.9313417399287,1500.0
In-Albon Y.,1393.7222302124517,1422.7581884424376,1484.0,1481.6694158017942
Tatishvili A.,1393.6314812806488,1451.1525947219748,1401.9475979701112,1427.5481342879737
Osterloh L.,1392.6922400954306,1427.4563836196385,1422.3561700387295,1483.2834682510802
Dzehalevich E.,1392.4905706516072,1459.9110516334636,1440.2549648563318,1479.9495098631555
Perrin C.,1391.8594928002783,1428.8903294892768,1467.793510592744,1478.5689899334718
South M.,1391.1713926177908,1480.7826196093106,1466.4069398852907,1401.5616347754517
Bovina E.,1390.8114067138606,1489.6219907722707,1387.2045440682632,1478.8499774443092
Fourlis J.,1390.1976668014904,1460.0021941307116,1400.1621297529289,1490.2507052662154
Soler-Espinosa S.,1389.731314834516,1428.1836075619622,1433.957608743813,1500.0
Ani M.,1389.552029720231,1462.8276154341338,1407.6437060536057,1475.316636307004
Riske-Amritraj A.,1389.3405924636222,1483.9161634471586,1404.9999378030082,1465.734872172952
Sanders S.,1388.1091440391665,1448.6721098966616,1401.206995957489,1484.0112101861487
Grammatikopoulou V.,1387.054094018467,1437.0778934523148,1453.424820834625,1480.7506286202188
Koehler M.J.,1386.0233698492104,1411.1617634102283,1490.7947674746408,1471.5445074088288
Xu Y.F.,1383.8702715602362,1479.0678090943914,1391.9341177309093,1484.9999896962358
Sanchez A.S.,1383.8321906267406,1462.2758354752166,1411.888795790083,1500.0
Osuigwe W.,1381.9333855319148,1488.6231201737105,1376.058500383856,1500.0
Day K.,1381.9304997523902,1449.6386819847044,1401.4430128717393,1482.566886080256
Sromova H.,1380.1280031359777,1476.414300586377,1403.0693537869117,1500.0
Poutchkova O.,1380.1244365393482,1489.5051754586339,1399.3902600575495,1435.6792974273994
Mrdeza T.,1379.7038984091166,1421.8566216276427,1457.6868463512067,1500.0
Poutchek T.,1378.7288311719803,1464.3352483033846,1383.030763312008,1489.3365305331715
Kremer A.,1377.3977949494679,1447.7574417875212,1397.7534270505328,1451.7196644409012
Perry S.,1377.2952516172181,1456.1250443192816,1382.85954152627,1463.397012187304
Gullickson C.,1377.148154370522,1445.2244516958847,1444.1405039438546,1480.0
Coin J.,1376.9752410621475,1428.0150583377435,1423.1539158030769,1381.0857713245907
Beygelzimer Y.,1376.9191374066302,1430.0354262536323,1432.7904751697074,1477.0899431419707
Haas B.,1376.379812143015,1414.0331999169227,1439.0042122250786,1500.0
Sanchez O.,1374.9907833404698,1430.8657928849834,1423.5243000881762,1500.0
Muller M.,1372.3754432836922,1456.3347044143277,1348.4425439738693,1469.8311396731956
Loeb J.,1370.8976559116486,1468.0130859733374,1392.7288684284752,1487.6426450956437
Yakimova A.,1370.0466953422215,1383.5254456849873,1379.7703643424113,1440.3615506074739
Jidkova A.,1368.756846361873,1452.2451142343461,1409.6924446116811,1500.0
Kostanic Tosic J.,1368.2235896036248,1419.7912655810026,1440.6760260690737,1468.2749661664639
Zahlavova S.,1367.240245300622,1400.2759922675152,1408.9183886665944,1432.3784916703626
Babos T.,1367.1970024683715,1387.816353744101,1437.5878854817004,1370.37336347195
Diatchenko V.,1366.4901932939333,1470.1508925872536,1354.7597915134195,1441.813493480676
Kichenok N.,1365.833664129936,1425.009317963201,1415.2246648100072,1513.0573959908884
Dentoni C.,1365.1995440302176,1416.6312758895767,1436.0516022532802,1500.0
Fichman S.,1363.9940801444309,1420.6206271749502,1442.6448272897792,1448.6695221382877
Schruff J.,1363.9400723778203,1436.4256425511694,1394.949236978504,1470.0
Gagliardi E.,1363.7766082667576,1471.5660256822835,1396.7757834283918,1470.0
Fedossova Y.,1361.78978985993,1461.603606546339,1423.453067844856,1459.1172982567039
Cabrera L.,1361.1911540753513,1474.0115692269264,1365.5852576919567,1501.3184176378925
Glatch A.,1361.0996687122092,1443.8235201718703,1384.99357060677,1434.5734885444333
Pivovarova A.,1359.5621954785497,1484.970569659012,1360.5675739973585,1453.0482521393787
Nakamura A.,1358.8690141237616,1459.973469398405,1343.9171580825798,1455.2702318501224
Khromacheva I.,1358.6705079190779,1450.4745740119536,1419.2126250346548,1470.0
Melnikova M.,1357.374725404447,1418.5165351304565,1436.8393249557876,1453.3892338581081
Perez E.,1355.565421850851,1472.042530131161,1390.6682953067368,1451.7250338335361
Zec Peskiric M.,1355.129711954723,1423.9287448890047,1421.8856235546764,1472.312142214894
Daniilidou E.,1354.7818304369393,1394.1078604637771,1385.354044693452,1407.8295157252946
Bardina V.,1354.7425632672348,1433.4973234561855,1475.6488869305392,1432.7760653065561
Voegele S.,1354.5119298847321,1426.8363636236086,1362.9132236850583,1305.6852312934452
Cadantu A.,1353.7746339233768,1401.3738370560975,1411.3246602679326,1426.8969930516992
Domachowska M.,1352.2943320010047,1430.3207965411827,1385.8751940900443,1471.8283710226642
Kloesel S.,1346.837117769447,1417.7897003083908,1420.1448492382833,1469.8070991838586
Woerle K.,1342.8225848715135,1437.2010481266084,1385.4472755667362,1500.0
Voracova R.,1341.0509059240314,1447.9276609209817,1339.2351040793226,1441.6344548299278
Ditty J.,1340.3116878793212,1438.0339101073846,1384.7005945133358,1428.13131895552
Ferguson S.,1334.670555723658,1497.482439162425,1319.37679087962,1474.943445565209
Fedak Y.,1333.9017773756068,1418.236936961793,1341.371407996936,1518.9159714994232
Ondraskova Z.,1331.9869627579876,1422.8510181348547,1420.6244613464662,1425.7575906161733
Sun T.T.,1329.9996913208013,1427.0974673131743,1405.8944163881513,1451.7250338335361
Rogowska O.,1327.839697430187,1447.529165014643,1344.7988104347655,1481.0987375224076
Dubois S.,1325.693898806883,1392.8672195050808,1357.5102613020101,1400.45900814815
Namigata J.,1320.9368769036391,1484.8935442926772,1328.5409445765054,1500.0
Lertcheewakarn N.,1317.0824968587256,1500.0,1345.055272081449,1437.1256614102986
O'Brien K.,1303.3689983132942,1417.3220814442388,1423.05616691222,1349.8909478180306
