player,elo_global,elo_clay,elo_hard,elo_grass
Sabalenka A.,2154.0315788641324,1988.219771396597,2092.4045870697914,1758.7721182917
Barty A.,2149.855340507942,1814.0112148589258,2093.2975296329782,1831.8252410308783
Swiatek I.,2062.695833089369,2045.0282003140496,1967.7482939727604,1819.0259501158312
Rybakina E.,2056.708233169419,1868.6538247392898,1989.143640047429,1745.3780998510545
Anisimova A.,2042.4828420808826,1680.3852195317618,1943.8595692185643,1746.0675237433118
Gauff C.,2013.7679157198136,1981.581522059135,1931.890439630098,1618.8836062924659
Henin J.,1986.381284533688,1774.362618233476,1934.837900294628,1703.3745942301487
Li N.,1985.2005319831192,1756.3124246439543,2059.8835829533623,1685.089654931653
Pegula J.,1963.1897723743368,1731.793328933758,1929.8813004301894,1669.8740063244113
Paolini J.,1907.2356733390936,1835.1670768349552,1828.8717166106562,1636.4769553034248
Bencic B.,1887.2197851685314,1681.9651484076996,1844.1073645884583,1699.5759066904961
Zheng Q.,1885.4654664051636,1812.358387677587,1846.1336081944942,1472.388265691821
Vondrousova M.,1878.0746796044173,1728.8075144763181,1782.5802291306056,1686.45050170136
Keys M.,1865.196860104827,1810.4101647815303,1867.982663319598,1686.1323674637113
Muchova K.,1862.3722361800342,1741.3056602036418,1867.1905834054353,1546.5974334136315
Svitolina E.,1860.9665908948837,1872.2949199414716,1780.2874263870192,1676.2642359708907
Noskova L.,1857.9153574083286,1544.9720698778428,1807.310207213496,1607.731887104155
Alexandrova E.,1854.967488251669,1696.5315207096655,1775.1762155441513,1705.711783171997
Osaka N.,1854.4907219768713,1616.0600715556182,1831.8449390206322,1556.7406883104638
Dementieva E.,1844.0163247783019,1734.9186482913408,1805.7714460590037,1685.9147408255144
Krejcikova B.,1833.7850780907963,1589.0098504147231,1807.2579257408509,1703.8004094379744
Andreeva M.,1830.8583382878294,1792.3592179025177,1814.183823921286,1579.806989305911
Pennetta F.,1826.763961460385,1635.840624526823,1826.6869496183797,1517.3916230071218
Halep S.,1820.3277896230522,1834.5352570457828,1750.5881239649925,1818.2243928495222
Williams S.,1811.6694572270405,1841.6250426996548,1909.861267361604,1880.7700488028988
Badosa P.,1801.5405965543068,1742.5976348931827,1794.9354083736691,1616.4221489370755
Bartoli M.,1800.7039310574758,1583.7311537096193,1698.9379440305588,1816.300216384179
Fernandez L.A.,1798.7617572676872,1543.743986883729,1772.4749938843324,1568.056141838823
Clijsters K.,1791.8587423640092,1480.1148078909825,1804.3200309234098,1641.538266101659
Kalinskaya A.,1788.944566687752,1573.2265016791082,1727.2317578092145,1543.4078983907784
Mboko V.,1782.4949703052218,1551.736101869088,1715.227645383594,1498.2010075523551
Brady J.,1778.8000237476367,1560.7736967825545,1761.7964567163513,1509.5440875893637
Raducanu E.,1776.741044359016,1616.548461259292,1700.8923521552913,1628.10090560632
Kostyuk M.,1773.4623174888613,1617.9608987256045,1768.7489569749553,1492.298753465001
Davenport L.,1769.263383295545,1554.4963627792508,1761.9680591403892,1498.8626858312377
Navarro E.,1766.4105514264515,1582.6207331568855,1720.6410840049293,1687.670784229154
Samsonova L.,1763.5055561908105,1718.3005162195407,1650.2665735305372,1675.954292625972
Mauresmo A.,1762.0327162108483,1583.8502479596164,1708.6886043191778,1611.5801384012336
Wozniacki C.,1761.6623699244467,1643.85002880996,1743.8113415922787,1695.1177222926442
Tauson C.,1758.3428629704583,1609.0771294899137,1699.2493888506701,1529.1196645925972
Riske A.,1757.7396583238492,1482.669499919861,1743.2803210429918,1632.3606735082349
Cirstea S.,1746.8838502180681,1547.821807432899,1744.007962376624,1457.7065638019194
Sharapova M.,1746.1564344892743,1943.4465534465155,1744.3920976937773,1680.601535744767
Bouzkova M.,1745.0154252359628,1636.084952892923,1669.3273292801393,1555.1540973782764
Zahlavova Strycova B.,1743.924036475359,1467.7363129135802,1686.0804608017588,1641.8300714439545
Hampton J.,1743.2261778361744,1574.0536020635618,1672.8932314219442,1542.1537462780152
Mertens E.,1742.4265791245064,1692.5361883450955,1667.6391296375477,1644.4242501233948
Collins D.,1741.124252202433,1771.1570828067613,1671.7600360301703,1556.749860451055
Kessler M.,1737.2433153327431,1415.0955299957259,1702.4786554053246,1556.4757691307325
Potapova A.,1732.0476814965205,1692.2443855739002,1675.1081311839807,1504.2031883387106
Townsend T.,1730.2339194030042,1495.7511626890796,1720.9760133173172,1419.1124645161003
Joint M.,1727.1891503075065,1552.3152369633297,1652.1336213060347,1571.1671965854782
Zakopalova K.,1724.7277180583585,1650.3977466924914,1665.5395408663724,1582.2907027815866
Cristian J.,1722.7140451404289,1664.2906561210523,1652.9797029423778,1416.3246190334598
Goerges J.,1721.8782870713267,1522.114870596772,1718.3688133141252,1671.9142855754492
Li A.,1721.8722384433906,1543.4501853625075,1672.120540971203,1491.8967379008575
Shnaider D.,1720.8231941615672,1655.649490282186,1664.2755261481607,1626.7029865335592
Pavlyuchenkova A.,1718.9138510409487,1610.9530828856753,1674.0231131042046,1601.9632262166522
Konta J.,1718.6937340799861,1645.203006420068,1653.7990606589824,1757.591045184842
Lys E.,1718.519361016982,1533.3987778660019,1677.9132356740854,1469.3093198431457
Safarova L.,1714.4319039952852,1643.0679285837057,1685.1995503244116,1662.2369008737785
Siegemund L.,1711.7905902486084,1528.401015200781,1656.641259643611,1556.8295273917406
Yastremska D.,1711.7615166430685,1604.5248388804662,1610.1543234394887,1599.2040035403186
Boisson L.,1711.5022261853123,1730.3726287708887,1510.6476074656007,1500.0
Azarenka V.,1710.615888855933,1663.4686823442294,1729.4572449414356,1623.1371838937146
Kleybanova A.,1704.7015995915501,1561.1001758133716,1712.5870126851487,1543.7012117458676
Cibulkova D.,1703.7110288967622,1606.6800476272142,1692.447921929938,1677.5243175784815
Kudermetova V.,1702.9787942573757,1641.9527658501147,1641.947834576453,1573.7994924921031
Haddad Maia B.,1701.5407836954544,1642.6281419041823,1622.6730341278128,1614.3152899916531
Safina D.,1697.731181322741,1747.150249369497,1669.8656034641867,1658.1909265349664
Siniakova K.,1694.7681090381761,1506.981376274516,1653.3417870938592,1594.6841261524703
Radwanska A.,1691.7867300282853,1667.573925607185,1655.6494062668157,1723.1441266232202
Groth J.,1690.7615632371203,1608.4106166190086,1602.8674348749778,1557.3091032550599
Jabeur O.,1690.6573376853419,1725.9247170987958,1689.3997310452735,1686.5034232254513
Bouzas Maneiro J.,1681.0946981623467,1564.207052008775,1570.2846033447715,1572.5453306160834
Giorgi C.,1681.0856157160172,1596.6575214219204,1663.3750290172038,1592.42655856184
Golovin T.,1679.3822436703213,1577.5787186202026,1645.5320910639543,1500.983217292913
Kartal S.,1674.5895655635609,1506.3978616891684,1603.2974051121903,1549.8311214206533
Kasatkina D.,1670.0005707833411,1704.014951553528,1644.1400234531513,1630.749475991798
Danilovic O.,1669.419435651539,1711.2113430268396,1537.550156665994,1463.4480457500997
Kerber A.,1668.85611045486,1659.503378311778,1693.735376256491,1708.0283120032245
Pliskova Ka.,1668.1771156511586,1599.5989111382164,1673.3401400533278,1630.2392987228493
Bucsa C.,1667.279445779385,1449.504965685219,1627.8109950924422,1500.3374588763077
Pironkova T.,1665.5435127606122,1630.7425068654763,1587.3156102045104,1553.1256974561327
Kenin S.,1665.2378611034856,1711.2141634289987,1614.0162377869751,1510.4662986156752
Kontaveit A.,1664.6457097130005,1666.4699780348778,1733.3911326482207,1544.0367366917453
Andreescu B.,1662.863946671992,1643.59461229402,1603.7915606825015,1568.0815442272678
Bellis C.,1661.2842644939772,1557.362930298999,1644.8198971233435,1515.061654281546
Ostapenko J.,1657.4902456979494,1734.8919873448842,1595.9709683663925,1669.3351939664126
Jovic I.,1655.357693224385,1514.3518462934967,1630.977709754136,1475.0247670651183
Baptiste H.,1652.7120667795684,1594.9458180162765,1543.4868261699285,1507.5775497827465
Vekic D.,1652.1749748720408,1568.0782053518399,1628.3835630258131,1635.1659725362426
Valentova T.,1650.8019194709009,1520.03751407048,1620.7416320906996,1500.0
Blinkova A.,1650.1059013238926,1469.0443999077706,1631.6224393088175,1538.3194673826008
Kirilenko M.,1649.4001074978446,1604.201806891468,1703.3542203655031,1537.860989591148
Sakkari M.,1649.138263638791,1661.7702032129982,1618.257540743239,1567.2343595852915
Bertens K.,1648.3184180140454,1703.9868242117975,1752.8475828204007,1570.337301921326
Vesnina E.,1646.1254274174325,1582.622673350322,1607.6615403331566,1666.7659738835785
Lucic-Baroni M.,1645.598087175056,1622.5222742218614,1624.1423706900582,1447.0976680573785
Frech M.,1644.9743719433839,1576.9162891671863,1606.4365483863887,1468.1232894734605
Razzano V.,1642.1626648433723,1628.3346486235864,1518.4231926902064,1471.1332699724676
Sramkova R.,1640.3827072444267,1535.5078350255064,1597.0046754969528,1505.890662552172
Muguruza G.,1638.75469281324,1681.9366873223519,1691.6815140590875,1612.7102221618443
Sevastova A.,1638.3719336687452,1611.3347739525484,1598.0464684193814,1542.6103782169998
Suarez Navarro C.,1637.4806371525106,1655.9284560639035,1639.0727353419597,1577.3522154304483
Mattek B.,1635.890016356104,1479.2513225345554,1573.8862529076305,1585.7871955918908
Kuznetsova S.,1634.000210994442,1566.2683676270447,1696.7443727809555,1540.6714774573038
Masarova R.,1633.3420499362219,1526.5902117667222,1567.201827229191,1473.1166501272326
Zhang S.,1632.7624332227008,1391.3593518108012,1633.9013766929131,1501.5472445511145
Ivanovic A.,1631.7545243772477,1735.8769389309623,1673.4612424347004,1603.9447602073574
Sun L.,1631.09228448789,1480.529321548327,1572.42175147937,1542.2704806796453
Krueger A.,1629.602473062285,1516.1788701185326,1605.8019359439456,1482.644416608839
Tjen J.,1628.8431618967766,1500.0,1618.850841888129,1500.0
Kvitova P.,1628.2456985766564,1572.09256865647,1685.5890350962552,1736.9701770712957
Wang Xin.,1625.1194090858748,1505.2121721807375,1549.0001465912721,1576.9688218376757
Begu I.,1624.4105856186152,1666.968365372829,1498.925066064108,1488.1697791688366
McNally C.,1621.0371595034067,1506.4289293678135,1565.5209518046784,1528.4716984622087
Gracheva V.,1617.459111124512,1536.173407276342,1539.2740495869548,1514.39397115109
Martinez-Sanchez M.J.,1616.6542294564094,1639.466745785119,1600.0067647121673,1529.7560015670358
Gasparyan M.,1615.5081034127147,1416.4749373050402,1617.3016077045108,1487.4236641439122
Stearns P.,1613.798191654623,1686.2958106940773,1542.861230184221,1429.732164183569
Golubic V.,1613.7467429936787,1461.4834385019196,1573.1851783816874,1481.7342758398772
Petkovic A.,1612.9064457127695,1562.6241451411406,1581.2400707591928,1466.9517560791508
Linette M.,1612.7220622756859,1659.390527749236,1588.471459639518,1471.4059819335716
Ruse E.G.,1611.8875904123895,1566.9853787619838,1519.3362633142694,1509.927822692053
Parry D.,1611.8834974020706,1536.0168477283971,1555.0160249188382,1557.0861480763663
Rogers S.,1611.7365470102843,1551.3288608338728,1628.095731633379,1477.4133747808469
Boulter K.,1611.4818644889742,1478.7295012528634,1557.718980023826,1645.5109901686117
Seidel E.,1610.0631640808958,1534.5277674830634,1582.1794007911678,1477.074180507752
Cocciaretto E.,1609.4210385442614,1607.6643672585592,1494.5454908280674,1571.2942938325914
Osorio M.,1607.9443861329291,1652.8610421195042,1555.0053644725288,1400.2518376883777
Sonmez Z.,1606.0202555946728,1455.5532681107652,1560.3366629524342,1528.6171846481316
Tomljanovic A.,1605.9065373332908,1570.7475191465203,1563.7573138055477,1567.4742847631098
"Sharapova, M.",1602.666623649489,1500.0,1592.3087039838836,1500.0
Zheng J.,1601.032287594238,1516.2427992605246,1548.6524547263205,1577.0644326253698
Sorribes Tormo S.,1599.7543062371444,1631.030251591004,1571.4606373619981,1466.4510621637853
Burel C.,1599.287681289657,1593.1800287857707,1595.2469737589354,1439.103773401951
Bacsinszky T.,1598.173439548828,1735.5447089943282,1588.9029346865318,1553.8801033628397
Lamens S.,1597.3489846461023,1506.6365400312607,1554.3445729417665,1499.2533731750875
Galfi D.,1597.2511754644272,1472.464868427155,1474.400408837976,1574.3643459329421
Sasnovich A.,1596.3727898064883,1553.7406551384554,1568.2659353697836,1535.719838808611
Garcia C.,1595.881940716776,1634.6933521022777,1590.4540033329954,1666.366049475439
Hingis M.,1595.8486549110914,1499.549112445918,1598.2314861943166,1522.996713322846
Wang Y.,1592.2679799543982,1454.492598257604,1558.070479289561,1449.9544904521524
Knapp K.,1591.5988044149447,1650.5822009320664,1511.832288598916,1419.0676731483945
Bouchard E.,1590.774470188008,1641.4367978235305,1553.5285204079858,1505.9172341460069
Hsieh S.W.,1590.3231329184148,1455.545617119879,1652.1291724391504,1545.9596126061847
Gavrilova D.,1589.6820608376768,1565.3931939624094,1621.3000801535195,1488.197622693492
Avanesyan E.,1589.4000662365083,1589.1102541219582,1593.1752643182658,1495.5616552372373
Zhu L.,1588.8067334278996,1375.508770413008,1576.8493041671356,1478.8776271674374
Dellacqua C.,1587.964386405374,1482.2648829297793,1545.3744343838018,1572.055348715249
Lucic M.,1587.4690839184059,1528.9068079651702,1535.1369831209963,1519.185451162159
Makarova E.,1585.995775040853,1553.5140758157042,1585.3615301940774,1650.1978920132858
Yuan Y.,1579.8883170362033,1440.5367488129523,1557.2504937888257,1436.648577854644
Kalinina A.,1578.9276595899726,1620.5554949081343,1539.5647208203357,1498.4699582336737
Wang Yaf.,1578.3098299416197,1481.5371545350645,1567.7754792969183,1488.033159557755
Birrell K.,1576.4575735905491,1450.7620768758775,1580.009655828796,1483.430493112369
Kanepi K.,1576.1195500674144,1548.7461120988605,1623.8461353634448,1450.8671595303706
Sawangkaew M.,1575.8905067214512,1500.0,1561.5980474869175,1500.0
Arango E.,1575.6958347949037,1449.9047921388153,1581.2783932012321,1472.731597647148
Ruzic A.,1574.3792445390486,1503.2394692571004,1537.135320439557,1501.4645919598495
Puig M.,1574.0481363798851,1589.1189019920982,1552.4269237933281,1467.7525507072578
Petrova N.,1573.9312430332955,1588.2895132221042,1639.4206739037136,1628.4197951950528
Rakhimova K.,1572.2717108735471,1541.1091485775373,1460.3212886421732,1530.1819183512407
Eala A.,1572.2443113855868,1469.9344374850555,1511.684333336976,1531.5874628040294
Niemeier J.,1572.068600470063,1483.8475408801605,1497.066708071976,1542.640982370267
Saville D.,1571.5481151246784,1504.4701235445866,1567.3088306644229,1451.6921405444734
Zvonareva V.,1570.996779522195,1550.500772069261,1546.899618252343,1584.017672224065
Dolehide C.,1570.3913367965406,1533.0665071939634,1523.2546335928423,1468.1349071930556
Putintseva Y.,1569.2742284912727,1623.5411640027442,1570.2592803424393,1543.9387162500452
Szavay A.,1568.2672745144846,1671.8756198430915,1548.0038701867215,1501.4378707611422
Bondar A.,1567.9872440464312,1634.5139901913658,1428.0267249907058,1426.4493787408492
Jacquemot E.,1566.5151541842824,1475.4219346761042,1516.616656390454,1488.0741418120701
Montgomery R.,1565.7264334867828,1514.6124534658447,1485.0833330168941,1537.1165301074916
Juvan K.,1565.4111904322474,1603.9385439952346,1506.537052035561,1498.7085064811965
Peterson R.,1563.5208645437563,1485.9555452918871,1643.4710861657773,1400.5001307871282
Meusburger Y.,1563.2817547725779,1565.6726327413055,1498.70535266753,1459.7724903511817
Teichmann J.,1561.718496557472,1589.09836366886,1554.981377700368,1385.8605045835661
Wang Q.,1561.204832513945,1526.2632583397271,1563.3578945637246,1447.7490231815154
Sugiyama A.,1560.8481423758205,1466.5284710781937,1569.0251713468592,1532.4455443383715
Peng S.,1558.2205974676385,1548.819655146345,1551.5767508228273,1557.7577503937105
Tagger L.,1557.8565459210552,1500.0,1551.1442724812143,1500.0
Zarazua R.,1557.246509166079,1418.5925992627574,1538.5950216751592,1493.0243741599818
Rakotomanga Rajaonah T.,1556.9094299666376,1495.4162163533822,1550.8321802066919,1500.0
Jozami B.,1555.5114376510699,1553.4642013880557,1500.0,1500.0
Ito A.,1555.3551380964802,1500.0,1545.40684499059,1475.4331691284458
Dulko G.,1554.6358263779416,1656.0351883191597,1503.0510936715518,1506.3491901516038
Pera B.,1553.2965547255108,1636.2871548280323,1450.8107606254696,1434.461412286754
Cetkovska P.,1551.125495121582,1565.0897452886131,1540.8601013879702,1502.627051841508
Salkova D.,1549.9086871472991,1498.5801145904857,1542.7367439061597,1500.0
Tsurenko L.,1549.8902809713875,1636.0796764508761,1527.6734799498313,1558.6119835377492
Flipkens K.,1549.7722401495512,1463.2685229881288,1472.6969585705026,1603.4683432292125
Errani S.,1548.7989571866221,1508.4814503121079,1512.1942064299478,1392.6001817357478
Martic P.,1548.6159694640974,1619.6017276833472,1528.0699108580989,1568.7621691238362
Rybarikova M.,1547.8246393139484,1458.7358969702211,1560.7366796136869,1589.5077542541467
Bogdan A.,1547.741838993841,1575.8811995935753,1485.5671946760615,1468.424514575322
Allertova D.,1547.0415675657432,1444.9188221364668,1557.4796750291973,1467.185248689156
Muguruza Blanco G.,1544.783234918252,1517.2708427457949,1558.5261465361934,1483.0026270559347
Hradecka L.,1543.8572653921408,1566.7368193500724,1517.0245823555822,1385.5605659433118
Hunter S.,1543.6838709680735,1502.8231481657422,1535.8953377883772,1472.431974205458
Pervak K.,1543.617591148711,1470.4925842118214,1549.481377605545,1514.8353972408213
Kovinic D.,1540.8726295113402,1590.5914099776917,1451.4467163306167,1384.6988237091223
Boskovic L.,1540.7134070738443,1534.19739326142,1500.0,1500.0
Riera J.,1538.8868509509684,1544.3256037184428,1496.0091056709127,1480.8155238116956
Diyas Z.,1538.5819979188996,1502.845125285208,1547.1397093852902,1517.0286048478602
Kulikova R.,1538.2249206161873,1471.4376231774413,1505.6916023778933,1530.3658334854251
Hercog P.,1537.607366614677,1589.8402468784768,1460.645717461685,1457.2649273521506
Tomova V.,1537.5081266150091,1464.5261460582467,1499.643464392929,1481.9403949873488
Morita A.,1537.0335375779302,1517.3122706695801,1532.5435696257239,1400.7151085580356
Zakharova A.,1536.8652477384617,1467.3419968870946,1494.556784942684,1529.9366552039098
Stevanovic N.,1536.8650064131548,1493.9725942405923,1500.0,1537.111045038961
Burrage J.,1536.5656000498657,1490.0786300850002,1501.1910539984967,1500.8069142838438
Stakusic M.,1535.8718462272702,1482.347140969548,1551.4676003421869,1485.3886074056954
Abanda F.,1535.8447196651173,1506.6020798475981,1502.6624623687192,1499.8920505014976
Bronzetti L.,1535.805582079595,1494.5571203242996,1533.0739859128603,1466.8952845490292
Liu C.,1535.2557946754966,1567.0043444443781,1493.6514811785414,1452.7422876981539
Schnyder P.,1534.909045472582,1514.511857889282,1624.0509095724597,1466.0358864854081
Watson H.,1533.8560448551527,1461.2244010425698,1495.8523519578132,1482.464438971742
Bejlek S.,1532.907359652393,1530.9194075632483,1460.9452834830827,1500.0
Tan H.,1532.3950959401932,1481.0468821007364,1436.7283346160941,1561.6198914485874
Ahn K.,1532.1451016604226,1482.2394368756875,1519.0429118311918,1488.9689252340622
Dodin O.,1531.140135757894,1471.143644572035,1522.377467617514,1415.210635629818
Vinci R.,1530.8135574639277,1522.6214355281998,1541.9359552816497,1544.0781529316223
Stollar F.,1530.6245653030887,1526.6654391322413,1463.666176675861,1501.6738596226853
Wang Xiy.,1530.3405208043541,1522.6966973667495,1493.4395239714001,1432.2559011842043
Dolonc V.,1530.1976496314867,1451.4516184438116,1509.6526448210261,1527.7417622092946
Parks A.,1529.9781863016597,1479.0052179072154,1513.55326056921,1440.8477207992364
Mattek-Sands B.,1529.9324908067667,1553.4814532308633,1501.6428373824808,1453.6403773438635
Date Krumm K.,1529.425620096389,1458.5003427561476,1499.2054477752718,1515.333714410579
Starodubtseva Y.,1527.6441165393162,1561.4618318776575,1450.12418617545,1487.6804186766485
Siskova A.,1527.087983164902,1522.8118226965892,1500.0,1500.0
Burdette M.,1526.95602282635,1507.5270291858455,1497.8124570233085,1479.2049040760146
Pareja J.,1526.18986493787,1536.1344087589791,1495.2963326008214,1500.0
Sierra S.,1525.5112546722949,1482.8835782127783,1476.4801725151503,1550.0969915666337
Fruhvirtova L.,1525.4012323858037,1428.2261354784853,1529.154804792131,1491.5154992178714
Pliskova Kar.,1524.7155707441868,1517.0405586457464,1500.0,1500.0
Tararudee L.,1524.6853727899986,1500.0,1521.7957748435635,1500.0
Srebotnik K.,1524.45735590492,1604.7063778113375,1507.1979991961075,1502.1283121508845
Jovanovski B.,1524.3696561634456,1463.5646026149918,1512.5710514908126,1456.0354167047751
Kozlova K.,1524.110172071085,1532.9972983814732,1457.3711074301796,1458.1095413334308
King V.,1523.8445224542081,1538.7540167906348,1518.5052570721425,1356.393156765189
Badosa Gibert. P.,1523.827515888095,1500.0,1520.5013815221585,1500.0
Romero Gormaz L.,1523.81164916663,1533.1592899981397,1480.7475231420826,1500.0
Collins D.R.,1523.668378360802,1500.0,1494.461803899723,1497.7063091046587
Hives Z.,1522.9602389661811,1500.0,1518.9883049302782,1479.5470201999606
Garland J.,1522.4701008141028,1506.2340378106499,1515.247543815665,1487.2866412180404
Brengle M.,1521.7743126835899,1496.2854038351443,1511.423072234738,1468.4264182461102
Kuzmova V.,1521.0067354242965,1523.5579854523462,1511.913865406697,1437.0951931287473
Benesova I.,1520.8693323702291,1480.4076420984406,1596.2168552505339,1423.2595814767556
Pohankova M.,1520.6696173368662,1500.0,1519.313840721517,1500.0
Capra B.,1520.6451032630728,1500.0,1510.6820856677004,1500.0
Mcnally C.,1520.4608812812764,1496.3134044575033,1505.8978101602902,1465.7323234339765
Boserup J.,1519.8227549704782,1473.4214252794643,1529.5115449548919,1506.292275571672
Timofeeva M.,1519.608618526368,1472.2447740863006,1563.017641964736,1500.0
Sonobe W.,1519.3485451640784,1500.0,1514.2341046461422,1500.0
Sakatsume H.,1518.6631062267697,1500.0,1511.505387646979,1500.0
Scheepers C.,1518.3050357433153,1597.9989137750465,1416.599417136305,1443.7280261062688
Davis L.,1517.8071925201812,1491.1548144821897,1536.333434937609,1449.6191203020255
Pella C.,1517.7141660478542,1515.6812214942113,1502.5903028924045,1500.0
Hladikova T.,1517.6988620500022,1519.0831223743846,1500.0,1500.0
Stephens S.,1517.3449048344537,1685.0613625516353,1484.4047759772398,1532.0252010112572
Fruhvirtova B.,1516.7535043145886,1468.4625913448122,1470.6275354631478,1507.8541502719534
Strycova B.,1516.610184517361,1558.3846744516632,1476.6258308299305,1649.1166335068287
Iatcenko P.,1515.8162350944394,1500.0,1511.6818658858424,1500.0
Arvidsson S.,1515.5859551562448,1462.8507317652266,1569.2288807547102,1398.738799638189
Korneeva A.,1515.3776174917639,1500.0,1507.6973116107968,1500.0
Berberovic N.,1515.146060127446,1508.6425963877164,1500.0,1500.0
Snigur D.,1515.0993742339917,1485.060010606225,1468.0359200590324,1512.6610469765556
Suarez P.,1515.0224412118466,1500.0,1516.0,1500.0
Fernandez L.,1514.7268092496017,1500.0,1510.2677843830816,1500.0
Vandeweghe C.,1514.292945074571,1565.7523315655367,1437.0017836693507,1576.7467549694663
Waltert S.,1514.085201858211,1514.792614731627,1485.1423897700975,1479.4580666446882
Jankovic J.,1513.9159394974247,1552.0441399073288,1578.3803843706557,1565.335562493254
Jones E.,1513.7376229232727,1500.0,1507.269423933983,1500.0
Torres M.,1513.669839180953,1516.0,1500.0,1500.0
Lansere S.,1513.504984887023,1509.732399234359,1506.8697160924435,1500.0
Larcherde Brito M.,1513.2628923971713,1477.9799056379422,1378.1102830890154,1578.216189646888
Ishii S.,1513.0980332980773,1500.0,1504.7949251766522,1500.0
Anshba A.,1512.9880016662578,1499.3849931201528,1505.02064311425,1500.0
Kawa K.,1512.9337963273613,1571.7688684131654,1426.6211551030167,1496.8865909729852
Ishizu S.,1512.2196743049542,1500.0,1502.1922265368785,1500.0
Kulichkova E.,1511.6259892394417,1500.597257203443,1498.3126759053964,1486.3202176896216
Duque-Marino M.,1511.5994449521124,1559.062845367309,1442.120544164972,1478.6953732178065
Turati B.,1511.4837444203456,1500.0,1508.986589852682,1500.0
Teichmann J.B.,1511.386206095365,1477.0054467619814,1512.9464235099401,1500.0
Krejsova P.,1510.8188950120034,1500.0,1500.0,1501.694471259829
Da Silva Fick G.,1510.7639875393563,1500.0,1509.6184103034363,1500.0
Zuger J.,1510.2096616856759,1507.2563432550269,1500.0,1500.0
Hanatani N.,1509.7446588165844,1500.0,1499.4549040654954,1500.0
Bolsova Zadoinov A.,1509.3549608194696,1487.3162803161626,1500.0,1500.0
Wannasuk N.,1509.2744205276304,1500.0,1506.499801331951,1500.0
Pfizenmaier D.,1509.248810066961,1511.3351426747672,1464.313569733576,1473.8268463085317
Witthoeft C.,1508.98013705956,1408.9955250401438,1582.1900349210966,1485.6836906148314
Morvayova V.,1508.86225275287,1500.0,1505.8931390043401,1500.0
Lumsden M.,1508.8566896418538,1500.0,1500.0,1501.5189813065012
Zidansek T.,1508.8530069360213,1600.2110669152037,1460.3514624978245,1472.117118578212
Gasanova A.,1508.6264504378964,1443.3855198399256,1564.6241665750854,1464.3670943652066
Lisicki S.,1508.5661873370532,1452.9892056291583,1565.6460003655814,1635.60883380398
Branstine C.,1508.5558712819607,1500.0,1492.4765857026043,1491.80646022664
Noha Akugue N.,1508.3008038257597,1526.6714989547218,1485.6146735648686,1500.0
Sebov K.,1508.1831694478628,1488.5899058643872,1499.036920633035,1500.0
Brace C.,1508.0794464219086,1500.0,1503.215524572613,1500.0
Sharma A.,1507.7949816165271,1550.6109971915714,1396.7508168334973,1443.765193184388
Zhang K-L.,1507.7660855340134,1500.0,1505.020154463227,1500.0
Di Giuseppe M.,1507.5899492820902,1522.1089243415022,1488.4851502910292,1484.0
Larriere V.,1507.3949547815705,1481.1900761793743,1515.7396078337883,1500.0
Gibbs N.,1507.0514465131125,1401.3956716123716,1500.1686487290365,1443.783325279862
Pavlyuchen. A.,1506.844604710678,1500.0,1505.4098381801255,1500.0
Perianu A.,1506.4761990222742,1500.0,1507.0633652656652,1500.0
Yamalapalli S.,1506.4237097695172,1500.0,1505.3840073025956,1500.0
Bukta A.,1506.1274098209162,1504.2734010617144,1500.0,1500.0
Peschke K.,1505.7345903751936,1503.2064391433066,1500.0,1500.0
Hon P.,1505.6606319023422,1510.5144642006665,1479.5106909761341,1456.7931948766147
Naef C.,1505.4150144852053,1486.0410737885604,1478.7313639755948,1504.9531307262039
Minnen G.,1505.2089350287592,1382.4524493347394,1479.0803633719413,1491.6880863502984
Broady N.,1505.1550972449108,1458.427583207063,1528.3060146010487,1337.1665017773837
Mijacika A.,1505.0952360062715,1497.3642420454896,1500.0,1500.0
Haynes A.,1504.884313067333,1482.162745903622,1521.816137892876,1500.0
Osorio Serrano M.C.,1504.56212981714,1497.6466574696774,1500.0,1500.0
Paar L.I.,1504.5245359899097,1503.9501860522353,1500.0,1500.0
Lee S.R.,1504.4983909155733,1500.0,1492.9533207038348,1500.0
Volynets K.,1504.3740955375245,1472.9656957535638,1458.0290977364289,1428.4519575200566
Werner C.,1504.3200353117275,1512.12619516339,1486.127699831893,1500.0
Scholl C.,1504.0051570733217,1495.2098095564393,1500.0,1500.0
Routliffe E.,1503.6241369547963,1511.3094935248912,1485.2983454846506,1500.0
Abramovic M.,1503.4433685058016,1500.0,1498.529178552677,1500.0
Pieri T.,1503.1954341331154,1500.4177848667227,1500.0,1500.0
Khazaniuk D.,1503.0058298032961,1500.0,1502.0831952330084,1500.0
Cabeza-Candela E.,1502.99540158739,1509.0451937867876,1505.7900346959304,1484.3287933058114
Rus A.,1502.5413359720922,1541.4734393514002,1450.872531012803,1378.2808666305602
Schaefer A.,1502.4507615045156,1503.6589708567828,1500.0,1500.0
Zhang Yi.,1502.364295777964,1500.0,1500.7007525853717,1500.0
Bolkvadze M.,1502.2576428513996,1481.170129774968,1511.4494643960775,1491.6634072666902
Vidmanova D.,1502.0568102552593,1500.0,1502.3344682306742,1500.0
Leykina P.,1502.0141096373463,1503.6041433148218,1500.0,1500.0
Ruano Pascual V.,1501.929995048132,1440.3652192073218,1493.955214235029,1525.9152939796743
Rodionova An.,1501.7301648974956,1499.5489645291073,1452.4596644000092,1460.4248412296656
Maria T.,1501.5554154778847,1451.9530755853125,1452.92637984392,1568.970209487624
Song S.S.,1501.3325805710967,1500.0,1499.2440425893492,1500.0
Kostanic J.,1501.167016354931,1500.0,1501.167016354931,1500.0
Bhamidipaty S.R.,1501.1605521240404,1500.0,1501.454340847327,1500.0
Arruabarrena Vecino L.,1501.1497507111528,1502.7239683897103,1500.0,1500.0
Hruncakova V.,1500.3816917042207,1484.768730236241,1471.7967642203332,1516.3401036461219
Gronert S.,1500.3472484663098,1494.1404889731564,1500.0,1501.8185480734826
Solovieva V.,1500.312015170663,1500.0,1497.4509678066886,1500.0
Compostizode E.,1500.2759523476504,1503.1013276530782,1500.0,1500.0
Kumkhum L.,1500.2441852739405,1400.7813626875793,1520.5776200708428,1481.4455933882944
Tig P.M.,1500.2257065644767,1524.668804440964,1488.346744700288,1455.7706060099417
Korashvili O.,1499.9841746685624,1500.0,1498.0984537754623,1500.0
Leme Da Silva N.V.,1499.2185284033674,1500.0,1498.128782516425,1500.0
Bartunkova N.,1499.0076684975,1486.5826865958788,1504.2605876687865,1500.0
Camerin M.,1499.0017548449841,1500.1163443144374,1500.0,1500.0
Miyazaki Y.,1498.6889615956238,1500.0,1501.3276486278585,1470.7507840852036
Mikadze T.,1498.2230307733528,1500.0,1495.9945370517348,1500.0
Zhao Y.J.,1498.0368340707164,1500.0,1497.220533482273,1500.0
De Gubernatis C.,1497.9505589843852,1501.0030641526132,1500.0,1500.0
Selekhmeteva O.,1497.9272871482283,1478.115281802134,1496.2967158166382,1500.0
Schmiedlova A.,1497.9048010474673,1528.0549535649184,1481.780748967786,1345.3908811559115
Beck An.,1497.8461654323362,1500.0,1497.6308081611362,1500.0
Wickmayer Y.,1497.741974022655,1518.2667735382881,1519.5098346858897,1468.8904694939527
Goncalves P.C.,1497.6912065064698,1523.2275558800911,1460.243766826543,1500.0
Pigato L.,1497.6003092338287,1492.3230857196581,1500.0,1500.0
Jing-Jing L.,1497.5198902876843,1500.0,1498.4029068211423,1500.0
Yang Zha.,1497.4546757125993,1500.0,1496.5418836362194,1500.0
Okalova M.,1497.245870637792,1500.0,1495.829419883929,1500.0
Chang H.,1497.0736701466158,1497.5009143302348,1500.0,1500.0
Avdeeva J.,1496.9573532630225,1492.883276527424,1500.0,1500.0
Saito S.,1496.72104651822,1500.0,1485.7808917978884,1500.0
Xu Y-F.,1496.6889254072132,1500.0,1494.751076629972,1500.0
Kamenskaya V.,1496.5590034881002,1492.3643035947266,1500.0,1500.0
Lee P.C.,1496.5317098836558,1500.0,1496.1390098492145,1500.0
Candiotto A.,1496.5044378271512,1500.0,1497.5104429589232,1500.0
Vrljic A.,1496.4992330922498,1524.0235852326923,1473.0471906478874,1500.0
Peers S.,1496.4783529140755,1500.0,1485.708887204188,1500.0
Niculescu M.,1496.4606001815184,1400.4503874316204,1487.5844352511274,1443.6034404550624
Lazaro A.,1496.386126482652,1477.5490079490066,1500.0,1500.0
Han S-H.,1496.0125987548988,1500.0,1493.3939382204721,1500.0
Sun T.,1495.884301975423,1500.0,1491.1095050452002,1500.0
Bogdan E.,1495.7264469408478,1479.7355775270637,1500.0,1500.0
Garcia Vidagany B.,1495.5825991464553,1480.0106066651017,1502.5845081043535,1500.0
Robbe A.,1495.4761082724376,1493.3377536457226,1500.0,1500.0
Middendorf J.,1495.3446686549314,1491.2356197715026,1500.0,1500.0
Garcia-Vidagany B.,1495.2975410742279,1489.4111119295708,1500.0,1500.0
Babel O.,1495.2739792605535,1492.6890143899673,1500.0,1500.0
Mokh M.,1495.2676104396537,1500.0,1493.321318555262,1500.0
Havlickova L.,1495.16349198262,1500.0,1490.705517697591,1500.0
Larsson J.,1495.125794976249,1586.2281822869704,1458.274400491167,1361.0339121842546
Soler Espinosa S..,1494.9874862241402,1484.0,1509.1188601647568,1500.0
Molik A.,1494.9528078765914,1417.0958062072168,1507.5281284195069,1473.0405596170629
Xu M.,1494.8099620934418,1500.0,1500.0,1461.5293097437982
Chan C-W.,1494.776774267266,1500.0,1494.1748100796422,1500.0
Wongteanchai Vara.,1494.68470717647,1500.0,1492.0583173860036,1500.0
Lyubtsova O.,1494.648677472559,1500.0,1492.1048659350697,1500.0
Jeong B.,1494.642888977243,1500.0,1494.3569109782818,1500.0
Van Uytvanck A.,1494.6427325784327,1419.5140691393262,1556.9021841937251,1449.5929455789992
Kratzer A.,1494.5840971036775,1500.0,1484.340359889043,1500.0
Dulgheru A.,1494.559589743333,1478.762307878714,1480.976289883482,1508.8122127967151
Afinogenova K.,1494.5090329500144,1499.7068216241134,1500.0,1500.0
Naito Y.,1494.5028144478156,1500.0,1491.558320443898,1500.0
Chan W.Y.,1494.4769364471888,1500.0,1494.6505912481705,1500.0
Hourigan P.M.,1494.4447179949711,1500.0,1494.5847759127728,1500.0
Schmiedlova A.K.,1494.4432946302948,1500.0,1493.4362060483218,1500.0
Komardina A.,1494.2319395227466,1500.0,1491.4398133101233,1500.0
Kudermetova P.,1494.2303265989622,1448.4939182210283,1506.4861089541446,1473.6522415407906
Cornet A.,1494.2265210781127,1446.1747005269344,1486.434832718967,1583.0760680647359
Chuang C.J.,1494.2027099899876,1486.3011527691076,1500.0,1500.0
Jiang X.,1494.1637235322296,1500.0,1490.7556632764483,1500.0
Fett J.,1494.065459519045,1500.6625747077412,1440.0433134472994,1432.3578671773926
Arseneault A.,1494.0589765388906,1500.0,1494.7552488762803,1500.0
Hovde L.,1493.9897510649646,1500.0,1490.5003744190055,1500.0
Shapatava S.,1493.7401971990357,1484.1240754625771,1493.065386418655,1500.0
Ahn A.,1493.7272286398909,1500.0,1490.0600719535184,1500.0
Erjavec V.,1493.644071023623,1483.705453793206,1477.569020703648,1502.771320155913
Gonzalez M.,1493.3926996896123,1463.2460617751499,1518.2988444019552,1500.0
Kondratieva M.,1493.3419871218075,1497.0070550522898,1500.0,1500.0
Monova P.,1493.3397910194594,1500.0,1493.1160588283904,1500.0
Marcinko P.,1493.2814572454681,1503.3506554344297,1488.8632906616097,1500.0
Pattinama Kerkhove L.,1493.2628328274056,1500.0,1440.7312176326457,1504.5035419013025
Chwalinska M.,1493.226320737625,1500.045439784795,1470.8314127285528,1512.820472492702
Tona M.,1493.2146757389614,1500.0,1490.0009404811508,1500.0
Krawczyk D.,1493.14711668441,1487.4187496391633,1500.0,1500.0
Sidorova K.,1493.1198535691278,1500.0,1491.6974905012883,1500.0
Shibahara E.,1493.1170066591799,1499.6600816529806,1480.014051376806,1485.1455420430477
Burillo I.,1493.0314736319788,1487.4498422869397,1500.0,1500.0
Medina G. A.,1492.8487312987884,1500.0,1500.0,1484.5893386311482
Burnett N.,1492.7232734398883,1479.4328239074396,1477.561675052123,1500.0
Arruabarrena-Vecino L.,1492.5300597273183,1506.7723491436673,1497.7554912758244,1473.6999820484443
Fung S.,1492.4444728279336,1500.0,1491.375805557972,1500.0
Sobolieva A.,1492.4415687825478,1487.2215282786547,1500.0,1500.0
Szatmari A.,1492.4107437519394,1484.0,1507.9504798757787,1500.0
Falkowska W.,1492.269692100396,1488.7026488188258,1500.0,1500.0
Hui K.,1492.2121880197715,1500.0,1490.8553011119309,1500.0
Schmiedlova K.,1492.1619036666355,1489.5547658671385,1500.0,1500.0
Crawford S.,1492.137556177501,1467.662096197811,1475.8633983864443,1504.7911634307652
Garbin T.,1492.060023667719,1507.7543329358439,1485.9064983607884,1438.2170310990214
Njiric S.,1491.9625664424143,1487.379383407488,1500.0,1500.0
Wagner S.,1491.9510343260436,1500.0,1486.6872217071405,1500.0
Barbieri G.,1491.8980133596644,1494.002312767438,1500.0,1500.0
Urgesi F.,1491.7611731186128,1488.7140701231451,1500.0,1500.0
Gleason Q.,1491.7387318584015,1500.0,1491.739914973101,1500.0
Tian F.,1491.61964470844,1500.0,1490.8047000560773,1500.0
Thandi K.,1491.6035446998314,1500.0,1491.626454732535,1500.0
Moser L.M.,1491.578810520024,1491.3705652332958,1487.6525050448427,1500.0
Pous Tio L.,1491.5781649961568,1506.0957880655453,1476.0,1500.0
Fita Boluda A.,1491.54866162347,1489.1614679649867,1500.0,1500.0
Fink A.,1491.498134306813,1500.0,1488.5842428473245,1500.0
Pliskova Kr.,1491.452205097102,1503.2214095993133,1459.4411171567767,1419.4515518801306
Perebiynis T.,1491.3689301038332,1503.2292543460246,1479.251647357895,1482.1608908819499
Koevermans A.,1491.3058499823371,1500.0,1500.0,1486.019325189019
Zhang R.,1491.198268073626,1500.0,1489.5907510572488,1500.0
Lodikova D.,1490.98961007491,1490.7907613835473,1500.0,1500.0
Harrison Ca.,1490.9864065464926,1483.7556536004577,1490.9654407750036,1502.0202150333573
Van den Broek I.L.,1490.82811128527,1500.0,1500.0,1482.1670719827778
Yao X.,1490.77617539218,1500.0,1487.492215011894,1500.0
Kotliar Y.,1490.7306432345183,1488.1160225848314,1500.0,1500.0
Lu J.J,1490.6975385048065,1500.0,1492.9494228881872,1500.0
Adkar V.,1490.6797316208038,1500.0,1489.6119236567538,1500.0
Kostic N.,1490.4424958737723,1500.0,1489.3310015419222,1500.0
Hewitt D.,1490.4233821084104,1500.0,1490.3845137313012,1500.0
Sutjiadi A.,1490.3730936706709,1500.0,1485.598956253821,1500.0
Shymanovich I.,1490.33560097478,1494.833279871273,1481.0201166382085,1500.0
Embree L.,1490.3011723423372,1482.0660376637686,1500.0,1500.0
Thorpe L.,1490.2740981002833,1485.747331445147,1500.0,1500.0
Petkovic,1490.2529539178227,1500.0,1487.5709215744885,1500.0
Giovine C.,1490.2022019100464,1487.7173676485515,1500.0,1500.0
Maristany G.,1490.1666854848074,1486.1820673604939,1500.0,1500.0
Baszak W.,1490.1639927027602,1486.7249295431461,1500.0,1500.0
Voegele,1489.9887857569029,1500.0,1489.2516052779958,1500.0
Yu E.,1489.9478292901101,1500.0,1489.7686256398736,1500.0
Kostovic T.,1489.882705905097,1485.290983340382,1500.0,1500.0
Guarachi A.,1489.8754284795568,1500.0,1489.75517563983,1500.0
Higuita Barraza M.,1489.8445580788411,1490.485086262215,1500.0,1500.0
Gervais J.,1489.7683147426133,1479.725710888684,1500.0,1500.0
Uberoi N.,1489.7116516650085,1501.9434560257478,1486.918361572563,1500.0
Elie J.,1489.6451237630708,1500.0,1489.9235066112255,1500.0
Dart H.,1489.6402918258368,1398.8070861954343,1475.3836128272765,1518.5003155679406
Soler Espinosa S.,1489.6025365585872,1545.375417895768,1352.297007366009,1487.5399864408196
Bai A.,1489.5730037477333,1500.0,1488.7785280954151,1500.0
Roesch A.,1489.4496891631934,1485.996657549855,1500.0,1500.0
Seguel D.,1489.3426558899505,1477.3605359591727,1500.0,1500.0
Cako J.,1489.3108666496996,1500.0,1489.7358669629796,1500.0
Pliskova K.,1489.2932081963065,1486.6453396925967,1500.0,1500.0
Herazo M.,1489.2619706946502,1484.5198738024276,1500.0,1500.0
Yang Y.,1489.176521957509,1500.0,1482.6267231944041,1500.0
Ruse E-G.,1489.1083157426856,1488.861910557283,1500.0,1500.0
Raducànu E.,1488.913577953685,1500.0,1486.6884565600062,1500.0
Rajecki A.,1488.8345021066802,1500.0,1500.0,1483.1587430478796
Bona A.,1488.778622420196,1489.369325741221,1500.0,1500.0
Bechri C.,1488.6655234031793,1500.0,1486.3902380552727,1500.0
Lovric P.,1488.6155813127266,1500.0,1488.34534013435,1500.0
Tang H.C.,1488.4782556537396,1500.0,1484.0703708969827,1500.0
Tanasugarn T.,1488.4615116706452,1402.3096052870976,1505.7409511101407,1532.1873584944
Martinovic S.,1488.4497582185859,1500.0,1488.3165794814183,1500.0
Ng K.Y.,1488.3796880088978,1500.0,1487.4374933421407,1500.0
Melichar N.,1488.2171605566716,1500.0,1485.893427356114,1500.0
Schuurs D.,1488.1870586461416,1500.0,1485.5731784352106,1500.0
Xiyu W.,1488.1860911736687,1500.0,1489.757623542662,1500.0
Bassols Ribera M.,1488.1052929702014,1487.4534374143766,1500.0,1500.0
Ungur L.,1488.0605037052949,1484.3105283642135,1500.0,1500.0
Antoniychuk K.,1488.0544433595865,1502.4177292363192,1482.544653989287,1500.0
Lee Y-H.,1488.0032558431863,1500.0,1486.34261491972,1500.0
Spiteri D.,1487.974137413109,1483.9827304517507,1500.0,1500.0
Petersson R.,1487.9503239384692,1486.243465855015,1500.0,1500.0
Nuudi M.,1487.839297037903,1500.0,1487.6217165613957,1500.0
Radisic N.,1487.7496912659278,1500.0,1487.6150303575241,1500.0
Zantedeschi A.,1487.7307111610594,1485.295306935752,1500.0,1500.0
Alves C.M.,1487.7044896822479,1500.0,1487.918678087958,1500.0
Hofmanova N.,1487.6843542155814,1488.940334270279,1500.0,1500.0
Pandzic J.,1487.675398645206,1486.797636161493,1500.0,1500.0
Borsanyi C.,1487.6717254281518,1481.1311765598414,1500.0,1500.0
Gordon A.,1487.5392484600175,1500.0,1500.0,1486.0905968535073
Stusek J.,1487.5068801295945,1500.0,1500.0,1474.066431460116
Marcinkevica D.,1487.362779408577,1479.4681324194928,1500.0,1500.0
Arruabarrena L.,1487.3350939807829,1501.256721317865,1409.5919866095974,1487.8424844458757
Lapko V.,1487.3272709122887,1461.1844781657617,1506.574363576933,1458.5639255755439
Jimenez V.,1487.325032852426,1486.3558439054757,1502.7436419872113,1500.0
Okuno A.,1487.3172733313838,1500.0,1487.343401001212,1500.0
Barry M.,1487.2910144183427,1500.0,1481.1728820696133,1500.0
Hsieh S.,1487.2731319773588,1500.0,1500.0,1476.0
Bammer S.,1487.2359098935867,1485.269496203238,1538.4828120254163,1427.653553550459
Altick F.,1487.1983778293095,1482.4471395309254,1500.0,1500.0
Shoshyna A.,1487.1593015923916,1483.0931573520204,1500.0,1500.0
Yashina E.,1487.140437639788,1500.0,1500.0,1493.364644447476
Melander H.,1487.0061338547666,1482.9386100132242,1500.0,1500.0
Collins C.,1486.9771527858582,1500.0,1488.0065362765927,1500.0
Bjorklund M.,1486.9459442931861,1488.5306628392009,1485.2090982159243,1489.7474903447965
Mircic T.,1486.9083350567603,1485.7879946717937,1500.0,1500.0
Kostanic T. J.,1486.8929389160476,1500.0,1483.0591077420045,1500.0
Hong H.H.,1486.8793947236575,1500.0,1486.0971225562148,1500.0
Perez A.,1486.8103159376576,1500.0,1486.1479432389986,1500.0
Salerni M.,1486.8024829682845,1484.040035934032,1500.0,1500.0
Ahn K.H.,1486.798526097765,1500.0,1483.3821569502402,1500.0
Yang V.,1486.69879295994,1500.0,1483.385622304531,1500.0
Starr E.,1486.6599138065337,1500.0,1486.3402028472112,1500.0
Duerst J.,1486.6359016864774,1488.3883128616858,1500.0,1500.0
Juricova J.,1486.6047574159318,1500.0,1484.486081005445,1500.0
Kung L.,1486.5980570631236,1448.4231467767663,1536.097388789947,1503.7648235274883
Schoofs B.,1486.5763890576395,1501.6120593638695,1495.7679881779284,1484.5242775807476
Echeverria Alam N.,1486.5660264125027,1487.8255024679127,1500.0,1500.0
Peer S.,1486.5284135720551,1508.303437659158,1457.5327962635033,1469.4918528196781
Scandalis Z.G.,1486.4932944950247,1500.0,1483.8003376891359,1500.0
Chakhnashvili M.,1486.4497772221903,1482.0558468527017,1500.0,1500.0
Volodko K.,1486.4066214840338,1491.2138710430522,1494.2821260038836,1500.0
Ruutel M.,1486.3791364589597,1500.0,1500.0,1484.0
Gaydarzhi K.,1486.3689268647952,1500.0,1485.2293913277272,1500.0
Ivanov V.,1486.361417990883,1500.0,1481.0013492638966,1500.0
Krajicek M.,1486.3106511697508,1407.4713479682944,1490.3583707533737,1489.0293245744201
Podoroska N.,1486.2538570378501,1486.8530644749992,1487.0200915653263,1480.035315210076
Hlavackova A.,1486.2102762905465,1438.9842472057082,1499.7038632746098,1463.2750194031196
Date K.,1486.2010516437063,1500.0,1483.7212688782688,1500.0
Yonemura A.,1486.1905410982772,1500.0,1486.4138284078376,1500.0
Liebens K.,1486.1502553036769,1500.0,1480.934008338875,1500.0
Tananta L.,1486.122162066564,1500.0,1485.492147669879,1500.0
Silva C.,1486.1079452948138,1485.960698250577,1500.0,1500.0
Vrancken Peeters A.,1486.0425251363652,1500.0,1500.0,1487.699470812474
Schiavone F.,1486.024829370889,1602.4310029719197,1391.0412692131133,1472.4696764211624
Kulambayeva Z.,1485.832678662866,1500.0,1487.08519436232,1500.0
Granillo A.,1485.8212740370836,1486.374526131004,1500.0,1500.0
Kang J.,1485.792769896984,1500.0,1489.231035943747,1500.0
Patterson T.,1485.767049892442,1500.0,1482.7870861442816,1500.0
Ciric Bagaric L.,1485.73136401364,1485.9127195941778,1500.0,1500.0
Buryachok I.,1485.7072269008881,1487.821650877224,1500.0,1500.0
Milevskaya K.,1485.6544099057842,1500.0,1482.763100945421,1500.0
Grey S.,1485.621619992298,1500.0,1500.0,1484.0
Minca I.,1485.613093830294,1485.6299553689832,1500.0,1500.0
Curmi F.,1485.4112082930076,1481.0390459652706,1500.0,1500.0
Bhatia R.,1485.3412427995268,1500.0,1500.0,1473.6034218607363
Savranska Y.,1485.3296182337317,1484.3673662214114,1500.0,1500.0
Plazas J.,1485.3232674004469,1486.5687006425208,1500.0,1500.0
Fernandez-Brugues E.,1485.3151625814567,1487.8737321649755,1500.0,1500.0
Fridman O.,1485.234777062864,1483.646529775808,1500.0,1500.0
Benhadi G.,1485.1944590972225,1485.2292232269547,1500.0,1500.0
Marosi K.,1485.1707528764434,1500.414987477158,1482.3973726881031,1500.0
Albano S.,1485.158793774315,1484.4499320911823,1500.0,1500.0
Lew Yan Foon A.,1485.151517720948,1500.0,1485.3685437552535,1500.0
Munoz D.,1485.1288912099178,1484.736306793522,1500.0,1500.0
Fullana L.,1485.0618759285478,1500.0,1484.1002960858934,1500.0
Widjaja J.,1485.0453421109037,1484.0,1500.0,1500.0
Ignatik A.,1485.025250946836,1500.0,1486.2326693835103,1500.0
Shvedova Y.,1485.0048648073318,1506.3798542434088,1472.5104114381677,1644.051333069491
Choi J-H.,1484.9618748715675,1500.0,1484.1594492031886,1500.0
Buchina Y.,1484.912851159811,1500.0,1479.52822513354,1500.0
Iliev S.,1484.9027184317183,1471.1537080286014,1500.0,1500.0
Noel A.,1484.8995910907151,1500.0,1480.6821554435076,1500.0
Vicens Mas R.,1484.84063399298,1484.0,1500.0,1500.0
Tkacheva M.,1484.8307094967201,1500.0,1484.2038062141432,1500.0
Robillard-Millette C.,1484.7470424531032,1500.0,1484.8072594675712,1500.0
Matoula M.,1484.7183180998934,1500.0,1483.2359728024394,1500.0
Samson L.,1484.6754042826851,1500.0,1484.3991823077013,1500.0
Saidkhodj. D.,1484.6732093193627,1500.0,1485.3767234107625,1500.0
Folts A.,1484.6634654152363,1500.0,1481.9977685073459,1500.0
Matteucci A.,1484.5184160972708,1485.041771182517,1500.0,1500.0
Augustine B.,1484.501968629059,1500.0,1483.950232898586,1500.0
Llagostera Vives N.,1484.495787235257,1513.096914161525,1430.7694036216656,1432.879227060281
Pridankina E.,1484.4928207413998,1500.0,1474.5277088324383,1500.0
Disderi S.,1484.483275507102,1485.323429294145,1500.0,1500.0
Wurth T.,1484.4625072130034,1489.9516558153778,1487.5009197281024,1500.0
Rao S.,1484.4096875261662,1485.3907214037906,1479.6679237793294,1516.353977726569
Hoch E.,1484.3898749818882,1485.7182371373162,1500.0,1500.0
Kapros A.,1484.3251547273808,1500.0,1485.1451293263335,1500.0
Bennani L.,1484.3156183200651,1489.8184273838526,1500.0,1500.0
Falkner Z.,1484.3068187696394,1500.0,1484.1766053552817,1500.0
Olaru I.R.,1484.299583758879,1485.7021263884742,1495.0996917864522,1500.0
Hsu C.W.,1484.295560247659,1500.0,1485.268068393733,1500.0
Kubka M.,1484.2757339661862,1483.3957288476638,1500.0,1500.0
Rosca A.,1484.2753742369032,1484.432185679852,1500.0,1500.0
Gjorcheska L.,1484.2748565168704,1500.0,1484.0,1500.0
Noordin J.,1484.2695175119213,1500.0,1483.2368816684243,1500.0
Mediorreal A.V.,1484.2650459883594,1485.957228354449,1500.0,1500.0
Talaba G.,1484.2561103017097,1484.116346937663,1500.0,1500.0
Kuryanovich I.,1484.2111738497044,1500.0,1484.7186143236372,1500.0
Zucchini A.,1484.201894870129,1484.0,1500.0,1500.0
Ancic S.,1484.1790085144046,1500.0,1484.2044356752692,1500.0
Mediorreal Arias V.,1484.1745919091597,1484.8080418436975,1500.0,1500.0
Todoni A.,1484.1670876952871,1485.4995135632432,1491.6221285328515,1466.531054543536
Nooni H.,1484.1371049327165,1500.0,1483.7564613135971,1500.0
Hsu C.,1484.1346660845063,1500.0,1483.920562664001,1500.0
Reix S.,1484.1301203601195,1499.5304224060578,1483.2815923603464,1500.0
Perez Garcia M.P.,1484.1105934368443,1485.9743090044592,1500.0,1500.0
Luz B.,1484.109505069666,1480.9996013293166,1500.0,1500.0
Ianchuk O.,1484.0938865236267,1500.0,1484.0,1500.0
Saidkhodjaeva D.,1484.0610895146003,1500.0,1485.3689749107107,1500.0
Reyngold E.,1484.0501346996302,1482.3103240177281,1500.0,1500.0
Lakhani I.,1484.0,1500.0,1484.0,1500.0
Khrisanova N.,1484.0,1500.0,1484.0,1500.0
Golds S.,1484.0,1500.0,1484.0,1500.0
Cabeza Candela E.,1484.0,1484.0,1500.0,1500.0
Zhu C.,1484.0,1500.0,1484.0,1500.0
Abramovic I.,1484.0,1484.0,1500.0,1500.0
Shulaeva E.,1484.0,1500.0,1484.0,1500.0
Sanchez Uribe M.J.,1484.0,1484.0,1500.0,1500.0
Hsu C.Y.,1484.0,1500.0,1484.0,1500.0
Miranda Otarola M.,1484.0,1484.0,1500.0,1500.0
Safarova Z.,1484.0,1500.0,1484.0,1500.0
Wong Hong Yi C.,1484.0,1500.0,1484.0,1500.0
Nugroho P.M.,1484.0,1500.0,1484.0,1500.0
Marrero M.,1484.0,1484.0,1500.0,1500.0
Essaadi L.,1484.0,1484.0,1500.0,1500.0
Rajeshwaran Revathi M.,1484.0,1500.0,1484.0,1500.0
Nelson L.,1484.0,1500.0,1484.0,1500.0
Rapolu M.,1483.9562347439717,1500.0,1484.9543339323527,1500.0
Tangphong M.,1483.9168312577735,1500.0,1483.9168312577735,1500.0
Cherubini D.,1483.9046064919353,1483.8444757882476,1500.0,1500.0
Choi J.H.,1483.872537197779,1500.0,1483.7467678464368,1500.0
Elliott A.,1483.8510021447355,1500.0,1500.0,1484.5152476743626
Bondarenko A.,1483.8349865473106,1561.9000552211107,1514.143140895833,1506.972708853359
Umarova K.,1483.8160422333935,1500.0,1483.4923557329755,1500.0
Samudio A.,1483.8125750306274,1485.9006361889749,1500.0,1500.0
Neuwirth Y.,1483.7971662600773,1483.3840834259022,1500.0,1500.0
Pin C.,1483.7311878721318,1381.1273603691893,1515.4137484271898,1461.7918071728725
Yamaguchi M.,1483.6390169310753,1500.0,1479.22321932262,1500.0
Zhang K.L.,1483.6251071120062,1500.0,1475.25213865703,1482.0387879524342
Toth A.,1483.6013408238493,1478.0915805150744,1500.0,1500.0
Cheapchandej P.,1483.593472512061,1500.0,1484.0,1500.0
Gajdosova J.,1483.500298097824,1480.8770871284705,1504.8005706131933,1462.4355606586862
Chan Y.,1483.4895008885144,1500.0,1483.4895008885144,1500.0
Remondina A.,1483.4799639218786,1483.4401601415318,1500.0,1500.0
Capurro Taborda M.,1483.4637646126716,1500.0,1481.8222191103819,1500.0
Wuerth T.,1483.4499664806738,1478.520816431639,1500.0,1500.0
Imanishi M.,1483.4071432158878,1500.0,1482.3010900288834,1500.0
Jani R-L.,1483.405393312036,1481.313150485367,1500.0,1500.0
Kovackova A.,1483.3918279335335,1500.0,1483.3858957658813,1500.0
El Allami Zahra F.,1483.3693286814387,1484.736123968056,1500.0,1500.0
Takao E.,1483.3596565978755,1500.0,1483.3596565978755,1500.0
Glozman V.,1483.3410456039496,1500.0,1479.8267655782752,1500.0
Castiblanco K.,1483.3128301773022,1484.0,1500.0,1500.0
Ghioroaie I.G,1483.283797658528,1500.0,1484.7669043810004,1500.0
Christie F.,1483.2742440576587,1500.0,1500.0,1482.3815367305574
Morderger Y.,1483.2476506084047,1469.1344918572395,1500.0,1500.0
Knutson G.,1483.246521297198,1500.0,1486.0802305190925,1500.0
Uchijima M.,1483.2373117350696,1515.9251424482122,1440.6440532069516,1451.0692778637713
Karatancheva S.,1483.2285034505644,1500.0,1484.0,1500.0
Cohen-Aloro S.,1483.1870376491274,1485.9614519129389,1500.0,1500.0
Joao Koehler M.,1483.1713269777965,1483.2328928328714,1500.0,1500.0
Tamaela E.,1483.1474688420112,1500.0,1484.9836202629735,1500.0
Barbat K.,1483.1451156666749,1500.0,1482.9508510433675,1500.0
Fitzpatrick A.,1483.1372693306932,1500.0,1500.0,1482.8688753216875
Ogorodova A.,1483.1078733124796,1500.0,1483.153429601315,1500.0
Habler H.,1483.0907229469044,1483.263693206478,1500.0,1500.0
Beck A.,1483.0707960113962,1513.7808616013485,1476.007444632532,1494.3308376829764
De Vroome I.,1483.0534109596504,1496.276873074477,1490.1282691103256,1489.1662790643375
Mishina D.,1483.010062993089,1500.0,1482.400378467138,1500.0
Stanciute L.,1482.9605185687437,1500.0,1484.0472612574604,1500.0
Herrero Linana A.,1482.9529653501477,1484.0669387897894,1500.0,1500.0
Popa G.S.,1482.9091602810763,1483.2238028557397,1500.0,1500.0
Ewald W.,1482.8692594318493,1482.379938189788,1500.0,1500.0
Zhang Y.,1482.8176663708648,1500.0,1482.2236720485414,1500.0
Klaschka C.,1482.793050839946,1482.7341510681308,1500.0,1500.0
Pous-Tio L.,1482.7746643483651,1529.0865501209603,1452.8972018183647,1448.2299870499437
Bohmova K.,1482.720726390732,1484.0,1500.0,1500.0
Solovyeva V.,1482.6938222699769,1491.9406264393415,1491.87327374422,1500.0
Paganetti V.,1482.6908233538754,1482.4684279867515,1500.0,1500.0
Mayo A.,1482.637124786064,1483.0699025163792,1500.0,1500.0
Kremen I.,1482.6106165117535,1500.0,1483.0531479752726,1500.0
Ren Y.,1482.5858735584736,1500.0,1482.8093395999028,1500.0
Kolesnichenko A.,1482.5763546322098,1500.0,1483.0489804408028,1500.0
El Jardi D.,1482.5252146301093,1484.0,1500.0,1500.0
Antonitsch M.,1482.4929668832901,1471.484795889674,1500.0,1500.0
Ramialison I.,1482.4831448222476,1500.0,1481.2014685544107,1500.0
Rampre P.,1482.4714089917136,1485.1969671675051,1490.540436350749,1500.0
Radivojevic L.,1482.4486575206356,1483.4901578978483,1500.0,1500.0
Serra Zanetti A.,1482.4454097351536,1483.2682899368851,1500.0,1500.0
Guth M.,1482.4294953110405,1500.0,1500.0,1476.0
Batta L.,1482.423614309924,1484.0,1500.0,1500.0
Kapshay V.,1482.412729049137,1500.0,1483.1636774292367,1500.0
Paoletti M.,1482.3989633554493,1476.0819817714457,1500.0,1500.0
Knoll X.,1482.351009149178,1485.890439726815,1500.0,1500.0
Olyanovskaya V.,1482.2216015499307,1483.2036350293067,1500.0,1500.0
Mateas M.,1482.20164616438,1515.4593586643925,1453.0197193969334,1500.0
Kim S-J.,1482.177449923436,1500.0,1482.8512459386066,1500.0
Munoz Gallegos D.,1482.1217618698317,1485.229303457774,1500.0,1500.0
Fernandez L. A.,1482.0949779723787,1500.0,1482.426645574948,1500.0
Osaka M.,1482.0681872724633,1500.0,1481.7972788974482,1500.0
Naydenova A.,1482.067522415227,1500.0,1482.7860040049181,1500.0
Stefani L.,1482.0267542601364,1500.0,1483.2723780226565,1500.0
Viratprasert S.,1482.001302274168,1500.0,1482.5684875292989,1500.0
Soler-E. S.,1481.9417005960902,1500.0,1480.8369112694934,1500.0
Torro-Flor M.T.,1481.8981727381515,1484.0,1500.0,1500.0
Gabarrus-Alonso M.,1481.8366283359617,1481.9829816183767,1500.0,1500.0
I F.,1481.814836981291,1482.008875063613,1500.0,1500.0
Nogueira A.,1481.70767422932,1482.7114674346105,1500.0,1500.0
Chakvetadze A.,1481.7057666155058,1454.5420035813142,1524.5664218421982,1555.6060134292409
Wang X.,1481.6776417152723,1500.0,1473.1070806084283,1500.0
Ortenzi J.,1481.6055877747606,1500.0,1484.0,1500.0
Zoric N.,1481.592303505643,1482.957261989261,1500.0,1500.0
Ma S.,1481.5712072466208,1500.0,1481.4728090606718,1500.0
Damayanti A.F.,1481.4961432026332,1500.0,1482.3671956843991,1500.0
Urhobo A.,1481.4704882175627,1500.0,1481.2476107818002,1500.0
Black T.A.,1481.453933542681,1484.8687093895091,1485.3083195425631,1500.0
Papadakis L.,1481.4213306543868,1500.0,1500.0,1463.2887155655583
Muhamed A.,1481.4181764637574,1500.0,1482.2410640255018,1500.0
Fondevila Castro P.,1481.347026333116,1484.0,1500.0,1500.0
Okamura K.,1481.2420455590009,1485.720068065883,1481.463943093146,1500.0
Barry E.,1481.2026584930302,1500.0,1481.1099670605245,1500.0
Pochabova M.,1481.176547017434,1482.9018644105124,1500.0,1500.0
Laskutova K.,1481.159244636779,1500.0,1481.6397170069004,1500.0
Ponchet J.,1481.0096430932217,1446.7641264284318,1487.1135734410711,1468.1783852305828
Rogers A.S.,1480.9915362310517,1500.0,1481.393451877937,1500.0
Llagostera V.,1480.9778368790146,1495.6786523562184,1482.799207803071,1500.0
Mouhtassine B.,1480.9691920737812,1482.5625813136655,1500.0,1500.0
Hosogi S.,1480.9066927071087,1500.0,1482.081841150697,1500.0
Torres Murcia M.C.,1480.7342110755974,1483.315439277492,1500.0,1500.0
Abdurakhimova A.,1480.6259121880196,1500.0,1482.2660871833405,1500.0
Stefanini L.,1480.6034508859304,1441.8244585489574,1482.2129408871174,1468.478846205391
Crawley F.,1480.4917636887271,1486.2168195281006,1484.6321976469924,1500.0
Abdala N.,1480.415430318497,1481.940273963724,1500.0,1500.0
Fuda R.,1480.3448641571367,1500.0,1480.4909613134541,1500.0
Wallace I.,1480.2909958165058,1476.675586484321,1500.0,1500.0
Hu Y.Y.,1480.176208224748,1500.0,1478.3484911456499,1500.0
Sirotkina M.,1480.1575970236322,1500.0,1479.0516140286093,1500.0
Krunic A.,1480.088036854655,1459.9434810169853,1468.5039163913357,1513.5077974840854
Korpatsch T.,1480.0064764624804,1462.5417292026,1493.5110026679993,1393.2479766036156
Zabala P.,1479.985951645605,1482.2916245113263,1500.0,1500.0
Shi H.,1479.9596023627105,1500.0,1476.399740490892,1500.0
Black C.,1479.8812474607787,1500.0,1481.55997245196,1500.0
Zaniewska S.,1479.8288853922022,1492.929761544951,1496.495511969119,1481.3080407493908
Ma Y.,1479.772614913885,1500.0,1469.6938927281533,1500.0
Pliskova Kri.,1479.7623237293415,1482.948321463769,1500.0,1500.0
Lewis J.,1479.678423635809,1500.0,1478.320034524055,1500.0
Flower K.,1479.6390271994148,1500.0,1481.2786857488975,1500.0
Kabbaj Y.,1479.5677755042711,1478.495667514527,1500.0,1500.0
Wozniak A.,1479.564632928877,1531.3667907906379,1479.5836273689274,1484.0800865702392
Tjandramulia O.,1479.5383344149704,1500.0,1480.094838800121,1500.0
Khayrova S.,1479.5269845441587,1500.0,1478.8719945359946,1500.0
Muramatsu C.,1479.5252452798288,1500.0,1481.208065922458,1500.0
Dolonts V.,1479.5223837758597,1541.5229460641197,1451.0563619931827,1484.2082382796661
Albie A.,1479.5134783668018,1475.9179665438703,1500.0,1500.0
Chua A.,1479.4820891128625,1500.0,1479.4459034499394,1500.0
Voskoboeva G.,1479.425555944308,1488.5685255669712,1452.8476225096672,1433.5287614509061
Higuita Barraza M. I.,1479.3029151226287,1482.8358372246018,1500.0,1500.0
Dushevina V.,1479.2624170447386,1478.519711788964,1491.3255680078512,1442.9393859496347
Yoo M.,1479.217854523105,1500.0,1478.3376467910953,1500.0
Mueller A.,1479.2066363425643,1500.0,1477.3276958554445,1500.0
Roma N.,1479.15557200964,1479.488744761716,1500.0,1500.0
Rueffer L.,1479.0863682050838,1478.779955192996,1500.0,1500.0
Shroff K.,1479.080740302902,1500.0,1479.6471992529628,1500.0
Palkina K.,1479.0463837872326,1484.0,1492.821776991429,1500.0
Koch Benvenuto K.A.,1478.985684495386,1484.946907427581,1500.0,1500.0
Chvojkova V.,1478.916253749861,1480.962172676973,1500.0,1500.0
Ku Y.,1478.8701962195344,1500.0,1467.5337997922697,1500.0
Wu H.C.,1478.8127112408333,1500.0,1474.1985996963872,1500.0
Kiraly P.,1478.707739353579,1481.117470710771,1500.0,1500.0
Stoop G.,1478.4949566254486,1500.0,1500.0,1457.9049872666112
Barros V.L.,1478.3757831587602,1500.0,1478.141307088909,1500.0
Guskova N.,1478.3550858903964,1500.0,1479.4050887374285,1500.0
Minor B.,1478.1198421876447,1500.0,1474.8062535025929,1500.0
Klugman H.,1478.0805107132321,1500.0,1500.0,1470.7573842317456
Tetreault V.,1477.9571444505245,1500.0,1464.1769672120945,1500.0
Schiechtl T.,1477.919289021972,1474.7001341792707,1500.0,1500.0
Vogt S.,1477.638639672769,1479.8526044482098,1500.0,1500.0
Zhou Y.M.,1477.5557863825259,1500.0,1477.1437007902302,1500.0
Martincova T.,1477.5392571448863,1407.972248376356,1526.7708654618623,1474.955485565108
O'brien K.,1477.4897234657208,1500.0,1480.217268169652,1497.817069091279
Charaeva A.,1477.4504648275786,1500.0,1475.0804442632261,1500.0
Cavaday N.,1477.4214366551955,1500.0,1483.263693206478,1488.3688602383118
Geerlings Martinez A.,1477.413244618985,1480.3884065443867,1500.0,1500.0
Zheng S.,1477.2440037097697,1449.0387412681202,1461.540627747541,1402.3373237193796
Allgurin E.,1477.2134058395816,1465.8179604260588,1500.0,1500.0
Kriz N.,1477.1989943779813,1479.2778121140168,1500.0,1500.0
Buzarnescu M.,1477.17411277275,1534.9850199044079,1435.9908500061135,1559.9898049399324
Arcangioli M.,1477.1079767123365,1475.2539710236674,1500.0,1500.0
Bains N.,1477.1079002042652,1500.0,1482.7871317211932,1488.2440762948365
Duque M. M.,1476.9514590523713,1500.0,1475.7002129130387,1500.0
Prisacariu A.,1476.929532605446,1488.4659678865846,1487.141439431242,1500.0
Woehr J.,1476.847188384366,1477.892759582274,1500.0,1500.0
Parra Santonja A.,1476.843028107236,1510.6557251056363,1357.2009024530828,1456.3873956824987
Vedder E.,1476.773054188071,1474.462248575688,1500.0,1486.425147808766
Zander N.,1476.7589373727722,1475.939252173411,1500.0,1500.0
Brazhnikova A.,1476.6290011287736,1473.7538321546715,1500.0,1500.0
Vickery S.,1476.609753439476,1427.475063338974,1491.4282384221353,1472.9668193689272
Duval V.,1476.5850150476856,1498.5588623528301,1468.1608582108,1459.6003812761708
Liggan K.,1476.5678850106212,1500.0,1476.5678850106212,1500.0
Malygina E.,1476.342562262912,1476.0,1494.5244014537682,1500.0
Cho Y.J.,1476.2635627652182,1500.0,1474.1964068444638,1500.0
Ferro F.,1476.1884810715999,1490.2327293869496,1459.7406170255392,1430.7354572954098
Bandecchi S.,1476.0919162202586,1484.5561740778996,1500.0,1484.0
Ji C.M.,1476.0426872191317,1500.0,1475.5961745607615,1500.0
Steiner V.,1476.0,1476.0,1500.0,1500.0
Chang S.,1475.9910154313397,1472.7026543169945,1500.0,1500.0
Burillo Escorihuela I.,1475.9052087731573,1475.1226098445338,1500.0,1500.0
Smashnovai A.,1475.90061358353,1500.0,1475.90061358353,1500.0
Inoue H.,1475.7921913349899,1500.0,1476.2139648019217,1500.0
Stefkova B.,1475.7146665716534,1500.0,1476.306586235318,1473.7013803894524
Konjuh A.,1475.6597260153756,1472.0074713706442,1515.7891783737564,1570.3516168549004
Vogele S.,1475.5781081519808,1481.6681927450672,1485.3634883856696,1500.0
Bacquet E.,1475.4310012215615,1475.1227251181076,1500.0,1500.0
Gehrlein S.,1475.3998966482525,1500.0,1472.0579836506956,1500.0
Uberoi S.,1475.208835830414,1500.0,1472.7697947060299,1500.0
Harrison C.,1475.2070269931223,1500.0,1473.0638949653055,1500.0
Lapushchenkova A.,1474.9411585733621,1492.4773915648038,1458.9148225678061,1470.1228365759735
Raymond L.,1474.863058590688,1500.0,1474.863058590688,1500.0
Jafarova N.,1474.7886934020523,1500.0,1469.767329494341,1500.0
Hibi M.,1474.7050826037355,1500.0,1463.549729490163,1500.0
Wang M.,1474.6337857243425,1500.0,1464.2922406582252,1500.0
Cross K.,1474.577727449846,1500.0,1464.5507029673904,1500.0
El Allami M.,1474.4834476833212,1471.6238176706718,1500.0,1500.0
Friedsam A.L.,1474.3459582831608,1482.5873835020175,1499.795006066181,1453.9873445712585
Jimenez Kasintseva V.,1474.3229254419136,1488.9015705773752,1453.3159233493466,1500.0
Tinjic J.,1474.2747048076092,1472.1990130432519,1500.0,1500.0
Zueger J.,1474.220825580759,1500.0,1472.2490587560376,1500.0
Zanevska M.,1474.2113478325489,1524.8437471800364,1444.265500207762,1406.738404572063
Herazo Gonzalez M.,1474.194613159972,1471.8646895359648,1500.0,1500.0
Duque Marino M.,1474.1260060789064,1503.2533764770421,1413.5999232652505,1457.4469080403574
Jing L.,1474.052303907904,1500.0,1470.4627350267483,1500.0
Molinero F.,1473.9672873441716,1483.6993128505137,1485.002283005938,1500.0
Soboleva A.,1473.9466908377517,1485.7116101224074,1481.8582643470693,1500.0
Manasieva V.,1473.8238419694294,1468.650418682488,1494.617599102746,1474.6627707518567
Candela E.C.,1473.7355128008808,1474.4385905328731,1500.0,1500.0
Mansouri Y.,1473.7261619092394,1500.0,1465.0709925684646,1500.0
Han N-L.,1473.7050630217207,1500.0,1467.8831155354371,1500.0
Janicijevic S.,1473.5263748860666,1481.1147554126771,1476.647279032939,1500.0
Nara K.,1473.4518873798645,1529.5292429083195,1421.5565449144706,1440.5924457718809
Ce G.,1473.384084980475,1487.088196460787,1484.6844152924411,1500.0
Sequera M.,1473.3118472622987,1513.904684601285,1479.3446310487816,1484.225120133893
Cohen A.,1473.1765559509042,1500.0,1472.1260346980955,1500.0
Appleton E.,1473.0423677693373,1500.0,1500.0,1473.5982598743167
Pigossi L.,1473.0132938155,1514.1485602331918,1424.7110044066894,1474.44137957116
Wongteanchai V.,1473.0117574214694,1500.0,1464.6404480923804,1500.0
Rosatello C.,1472.9175670350135,1451.3265513767224,1482.9717787044992,1500.0
Kustova D.,1472.9118008402627,1474.0808313820958,1487.0540123822982,1500.0
Evtimova D.,1472.865334414335,1475.4527724590332,1500.0,1500.0
Kobori M.,1472.849821202612,1500.0,1470.850019933894,1500.0
Liu A.,1472.7093404975863,1500.0,1467.8280326917302,1500.0
Gubacsi Z.,1472.648989445488,1473.4327264480953,1500.0,1500.0
Gerasimou A.,1472.6358846947555,1500.0,1470.34090600999,1500.0
Gojnea M.,1472.6151997309883,1472.2019416861788,1500.0,1500.0
Topalova G.,1472.6140421294838,1473.3910305575478,1500.0,1500.0
Pedone G.,1472.5656872739664,1468.3006650650334,1500.0,1500.0
Kalashnikova O.,1472.5369983663984,1500.0,1473.446319076381,1500.0
Panova A.,1472.5050738213567,1494.7954584098861,1429.57711780878,1472.3536893529867
Martinez Cirez C.,1472.4668873910255,1468.736306793522,1500.0,1500.0
Kolar N.,1472.453076281988,1477.092424370576,1481.2299381994076,1500.0
Lottner A.,1472.348027830195,1407.782077700342,1451.0208916552417,1499.7652668280873
Kudryavtseva A.,1472.2721362554053,1419.8067080870417,1428.691698853964,1467.6088468692346
Mamic S.,1472.1368325472906,1469.1405379930143,1495.0590578889157,1500.0
Orlik A.,1471.9846274026977,1477.9028035958363,1500.0,1500.0
Pieri J.,1471.9496841080802,1484.0268666514291,1484.1170695555177,1500.0
Maes C.,1471.886019955689,1500.508372947882,1472.629725427378,1500.0
Torres Sandoval M.,1471.870406402155,1483.7088976304167,1488.438057142488,1500.0
Pervushina O.,1471.8348070530428,1500.0,1472.07226546236,1500.0
Linetskaya E.,1471.3996456098,1500.0,1472.344302516648,1500.0
Luzhanska T.,1471.3439997940973,1480.7747392209642,1492.1329820794472,1500.0
Han X.,1471.2837617743178,1503.6215283999509,1442.1026913475114,1480.4708040491018
Huck V.,1470.9933447392802,1470.5847349351864,1500.0,1500.0
Ormaechea P.,1470.9901394783292,1514.1116168516533,1437.0877636119596,1440.751510006375
Sfar S.,1470.9191799454131,1498.9007487026965,1444.8480081762846,1500.0
Wong C.,1470.8158069650221,1500.0,1470.0706900461794,1500.0
Cepede Royg V.,1470.8112038558652,1551.2170506923785,1434.5303189744952,1449.6434551548482
Erakovic M.,1470.7986373934816,1477.4422926949228,1447.3947954939345,1508.4222141939745
Dominguez Lino L.,1470.7912605912932,1531.0601173353205,1379.1628417880277,1467.4439130798462
Wheeler C.,1470.7516307057278,1500.0,1473.2635270836852,1500.0
Vierin N.,1470.6374463627405,1468.378242039604,1499.5441866040933,1500.0
Likhovtseva E.,1470.5906465229623,1488.9866613451313,1436.6737511934512,1513.8505828013258
Strakhova V.,1470.5290308196566,1490.6686322026974,1484.0,1500.0
Stojsavljevic M.,1470.4417648118474,1500.0,1480.5017520818535,1474.470513772127
Carle M.,1470.2422542853424,1481.5783456929148,1442.8249383641742,1469.40630217767
Gibson T.,1469.8368666672536,1500.0,1457.370094648786,1478.1132096417343
Dokic J.,1469.7213790903336,1400.1585905690713,1489.3559965047389,1507.604902832011
Liu F.,1469.6873457363731,1500.0,1453.6792901131018,1500.0
Burger C.,1469.6261524928436,1506.85835679294,1466.141687594203,1500.0
Cohen Aloro S.,1469.589244150317,1528.8331206460896,1409.9628595144245,1476.0
Dinu C.,1469.576150789508,1462.0823118013793,1500.0,1500.0
Back D.,1469.4506385728575,1500.0,1465.6915920041627,1500.0
Andreeva E.,1469.4385628845284,1409.488014160531,1479.0360936001505,1510.7103609225967
De Lattre M.,1469.4124584250476,1475.105108651607,1500.0,1500.0
Ristic M.,1469.1145020514377,1471.579470496594,1500.0,1500.0
Saigo R.,1469.0814511546255,1500.0,1463.8157748513497,1500.0
Lukacs V.,1469.0607144525513,1468.6962699275111,1500.0,1500.0
Lisjak I.,1468.9800818761635,1483.935326090545,1476.701003540641,1500.0
Shinikova I.,1468.8249374612185,1474.8027009590974,1473.6605518916492,1500.0
Wejnert M.,1468.6452731268569,1500.0,1465.7343484256357,1500.0
Gabueva A.,1468.4517796968237,1472.838433234359,1500.0,1500.0
Grant T.C.,1468.3771332252531,1484.0,1479.1971051875648,1500.0
Roma S.,1468.267597390897,1474.6955586417357,1486.137292423624,1500.0
Costas L.,1468.2529861663947,1468.4160490496024,1500.0,1500.0
Nugroho P.,1468.15563507474,1500.0,1468.2724003883263,1500.0
Di Sarra F.,1467.905001310967,1466.279087388662,1500.0,1500.0
Silva E.,1467.8593782777293,1500.0,1500.0,1465.7828712624023
Jurikova L.,1467.7822238579995,1463.0593723616046,1500.0,1500.0
Iyer T.,1467.7811200572191,1500.0,1465.1051061271562,1500.0
Baltacha E.,1467.779183201491,1434.9902511175462,1464.600507859933,1466.9454395342177
Shimizu A.,1467.7311147628075,1500.0,1464.8454388226246,1500.0
Aksu A.,1467.7303798317234,1469.0002912281843,1500.0,1500.0
Hantuchova D.,1467.5481074463323,1523.2574809173968,1453.8753603764974,1555.9714339839193
Chan C.W.,1467.5454467808925,1500.0,1467.3048292922658,1500.0
Taylor G.,1467.4476999753333,1500.0,1500.0,1465.3493753971313
Sun S.N.,1467.3986498118709,1500.0,1467.3322034933567,1500.0
Qostal L.,1467.3023141524243,1471.4494786234147,1500.0,1500.0
Jones F.,1467.275325740831,1497.0755581731844,1453.6527893819725,1438.9168575330468
Aiava D.,1467.2009494798706,1461.1989174535172,1446.1826051067032,1503.3694456071512
Wolfe J.,1467.1396636925754,1500.0,1467.3690441020963,1500.0
Sugnaux T.,1466.971818494051,1466.6775685537239,1500.0,1500.0
Park S.,1466.7969866638862,1500.0,1462.92871146335,1500.0
Dunne K.,1466.7697943190685,1500.0,1500.0,1452.218246405498
Kops-Jones R.,1466.6963986425299,1500.0,1484.0,1484.0
Monroy Y.,1466.677183068976,1468.8035904365772,1500.0,1500.0
Weinhold A.,1466.5576254196073,1500.0,1457.867564327691,1500.0
Rodina E.,1466.1978184932736,1352.1967848316028,1467.7329931032755,1541.843080331825
Caregaro M.,1466.0449860988297,1484.6425275228216,1481.785112675876,1500.0
Eraydin B.,1466.015462577539,1482.1096555849088,1484.2269777406489,1500.0
Anderson R.,1465.7450900455192,1491.268504104702,1471.6324332073104,1500.0
Lykina K.,1465.7153455660102,1500.0,1481.429527220867,1484.0
Gerlach K.,1465.694757960632,1464.1525718553985,1500.0,1500.0
Ivakhnenko V.,1465.6570508712823,1479.4932383802025,1486.5731986182627,1500.0
Glushko L.,1465.642059294078,1474.3349298951887,1480.0288352870193,1500.0
Grandin N.,1465.4977517899322,1500.0,1456.606453015415,1500.0
Johansson M.,1465.364653037634,1450.0963040528184,1352.752410319651,1497.697627715653
Williams V.,1465.2549748728545,1504.5303952015893,1486.0595810644502,1655.5398122448
Gamiz A.,1465.0558517955685,1473.5559757734502,1481.2811243417766,1500.0
Brandi K.,1464.8195140540547,1500.0,1483.312176465167,1474.895539809717
Lister C.,1464.7821228380271,1475.749260494382,1500.0,1484.153835197399
Arn G.,1464.6329404581868,1490.8905020284485,1474.43922731788,1469.261388095674
Atik R.,1464.5613094305156,1466.4418612495413,1500.0,1500.0
Trevisan M.,1464.449014579494,1521.7073200722184,1452.9442352929998,1384.026596454246
Rottmann N.,1464.2216327234814,1482.3859196991245,1483.7211540316455,1500.0
Lertpitaksinchai N.,1464.1732680889436,1500.0,1459.4844204401602,1500.0
Pous-T L.,1464.0702863709469,1483.7074232530806,1482.8331785147757,1500.0
Radanovic D.,1464.0219278968218,1493.592497323787,1465.4289909798226,1500.0
Martinez Granados C.,1463.9668958514467,1468.4677016909204,1500.0,1500.0
Sanchez M.,1463.654625883634,1500.0,1444.145545204356,1500.013080073832
Schunk N.,1463.5327283332017,1467.1722719738618,1490.1596001814032,1479.9492423169836
Moore T.,1463.4441605564127,1500.0,1484.0,1433.3775647267846
Stojanovic N.,1463.33234494767,1437.4850109588808,1483.4000885326348,1494.4123486635497
Ekshibarova V.,1463.2744312647942,1500.0,1463.3713374761726,1500.0
Nahimana S.,1463.1299052616555,1465.7496769650218,1500.0,1500.0
Preston T.,1463.128170826907,1500.0,1463.4015557989292,1484.0
Chen Y.,1463.0914769525602,1500.0,1465.667268547245,1500.0
Mendez S.,1463.055967940619,1500.0,1460.6803901568264,1500.0
Naklo T.,1463.010245800526,1500.0,1458.8864169424885,1500.0
Gumulya S.,1462.9961233525444,1500.0,1457.2986407118347,1500.0
Tvaroskova L.,1462.8795121409719,1465.5244774615944,1500.0,1500.0
Torro Flor M.T.,1462.6985811579952,1448.7304771959261,1480.7408572220893,1480.1512194048141
Olaru I.,1462.590652115732,1469.7429621093347,1452.6387645625648,1469.9338570695588
Monnet C.,1462.5021081066723,1436.4203760155267,1500.0,1500.0
El Aouni A.,1462.4228818444124,1464.0491743783691,1500.0,1500.0
Zhuk S.,1462.3902627602968,1481.2729248520084,1470.0877840738121,1500.0
Hendler T.,1462.2980038639805,1471.4551992364593,1489.7505339490149,1500.0
Baindl K.,1462.1875047499384,1547.4510154604493,1445.780761456759,1420.9644511408314
Contreras Gomez F.,1462.1642284915342,1511.3614450318146,1450.7636334453662,1473.795464843533
Rouvroy M.,1462.0197060428457,1460.80540217782,1500.0,1500.0
Simmonds C.,1461.7783456033158,1500.0,1459.827734992717,1500.0
Jakupovic D.,1461.6798491729487,1441.5865342192833,1475.0541445190138,1515.2753880595972
Szabanin N.,1461.6070997641727,1459.9081901645407,1500.0,1500.0
Benoit M.,1461.528938715519,1461.830988514892,1500.0,1500.0
Jamrichova R.,1461.3523660233773,1482.1120617504787,1469.8256843450904,1500.0
Ferrando C.,1461.1713961244184,1485.0295439281144,1466.1252694018913,1500.0
Garcia Perez G.,1460.9093425058904,1463.1202996767297,1456.2441987439447,1509.7506325935713
Barte H.,1460.8038343706435,1500.0,1454.8440891095454,1500.0
Georges M.,1460.7816312870473,1461.5489080367613,1488.1067239759243,1500.0
Sun S.,1460.6257748391124,1500.0,1451.6432058139603,1500.0
Jia-Jing L.,1460.4518032461951,1500.0,1460.219624654963,1500.0
Baker L.,1460.4427640882095,1473.9483613921623,1484.0,1500.0
Botto B.,1460.3826095800546,1467.1615850332532,1500.0,1500.0
Guo H.,1460.1528931599858,1500.0,1445.1519180650885,1500.0
Kraus S.,1460.1345571060797,1504.2838926505503,1449.9860201990416,1500.0
Parmentier P.,1460.067243805141,1433.5383003326494,1496.3200879054223,1363.9470845323692
Maleckova J.,1459.963169199239,1460.9286907536211,1488.9766669116616,1500.0
Xun F.Y.,1459.8651192293585,1500.0,1457.8553795420182,1500.0
Bonaventure Y.,1459.840629076835,1398.6895976239489,1532.3525933982062,1438.7529474344014
Floris A.,1459.6602499439202,1450.643765737131,1500.0,1500.0
Marand S.,1459.4937523094752,1484.0,1471.4735363035377,1500.0
Lee Y.R.,1459.4461914178341,1500.0,1456.001545836051,1500.0
Zahlavova Strycova B..,1459.4055026531116,1484.7356151327187,1468.919044759483,1489.3645314004177
Mirza S.,1459.1372032324277,1466.3928585289757,1456.2707806838607,1459.3606033863598
Semenistaja D.,1459.031798231955,1481.405694781168,1468.7448347926943,1500.0
Falei A.,1459.0148746179536,1483.5147527726554,1469.9076068935635,1500.0
Swan K.,1458.9401387406547,1500.0,1511.2320821088756,1367.6334770763187
Lee G.,1458.800902180849,1454.7390963398568,1500.0,1500.0
Chiesa D.,1458.6601251558404,1441.9982634064688,1500.0,1500.0
Bobusic B.,1458.5418365080966,1500.0,1454.6584364148157,1500.0
Udvardy P.,1458.352669720432,1435.1153524520473,1466.0910694567922,1450.866128542229
Flink V.,1458.338277745985,1474.6339287838557,1432.5883815103805,1510.1032893047
Han N.L.,1458.2716012600526,1500.0,1432.6191173850634,1500.0
Sema Y.,1457.8958994184268,1500.0,1452.8297114407853,1500.0
Duan Y.Y.,1457.8111791571655,1443.218983036129,1445.798422424613,1478.8094637872998
Arefyeva T.,1457.7735543899926,1486.0056553786471,1471.5994841003512,1500.0
Bolsova A.,1457.7365632726096,1468.4743486530147,1467.3959983357609,1474.420163513138
Kucova Z.,1457.6674894717066,1517.3865222154718,1412.179431664195,1473.960034895952
Myskina A.,1456.8247493220658,1475.622441978931,1484.0,1500.0
Chan Y.J.,1456.4054777578153,1502.6174960200296,1420.9904853798803,1420.4555767595973
Pous-T. L.,1456.2823572477355,1500.0,1454.2257538536944,1500.0
Honcova M.,1456.264736696597,1457.0008172135708,1500.0,1500.0
Koukalova K.,1456.1682470237768,1518.6919468255342,1357.5276777473102,1523.9793506465458
Washington M.,1456.038087495219,1483.3066144569277,1476.0592179051343,1500.0
Bai Z.,1456.0317214898491,1445.1233055789219,1472.9287801076266,1478.6668012628265
Mandlik E.,1456.0163379495018,1461.7457738750331,1461.1340526337224,1507.82516408013
Ejdesgaard M.,1455.9583321102905,1500.0,1456.0204127420186,1500.0
Eikeri U.,1455.6034705358393,1465.1101576591573,1464.7281179476822,1500.0
Chong E.,1455.5726790110248,1500.0,1453.5840748288028,1500.0
Ngounoue C.,1455.3195262792794,1483.9090269740761,1457.2081744135746,1500.0
Dechy N.,1455.307350922633,1411.0704265745105,1496.056160428377,1461.4937241559583
Georgatou E.,1455.2663980666089,1500.0,1454.345606478542,1500.0
Hontama M.,1455.0852538275735,1500.0,1428.7255662115256,1496.8748936026561
Ozegovic N.,1455.0715848942207,1480.2014171714668,1472.6876676719783,1497.8707293453895
Sprem K.,1454.9429466299116,1423.4233308978671,1465.8578016078654,1471.8789111343553
Grymalska A.,1454.7299528694625,1446.6684405581111,1500.0,1500.0
Aoyama S.,1454.606218138017,1500.0,1465.6925316196694,1484.0
Ivanova E.,1454.5157588434397,1448.2363906837766,1474.123855021169,1500.0
Alves C.,1454.4348948313916,1462.2932061483289,1484.0,1500.0
Vikhlyantseva N.,1454.4116210546204,1471.080806092253,1428.0882324305574,1487.3676827514291
Celik S.,1454.4000159516852,1469.444844423793,1482.0089812862282,1500.0
Fernandez C.,1454.1516834194472,1500.0,1452.800590947525,1500.0
Lee Y.H.,1454.1084786959404,1500.0,1441.4902132423151,1500.0
Scott K.,1454.0703944143283,1482.93571454212,1460.3070562301573,1500.0
Alves M.F.,1453.631742449423,1500.0,1452.7445620426556,1500.0
Han S.H.,1453.3393561784762,1500.0,1448.686479667579,1500.0
Cengiz B.,1453.277063049933,1447.4237984145625,1500.095677453711,1500.0
Wei S.,1452.9706347503934,1500.0,1432.2360686606223,1500.0
Radwanska U.,1452.8955501649373,1393.9684106749648,1479.1007810734848,1490.5098216979493
Koryttseva M.,1452.0331325779343,1416.1449361589887,1498.5247665707182,1425.7304202959644
Kalieva E.,1451.4493539083405,1488.7034201506017,1459.1434249092288,1500.0
Olmos G.,1451.4401250547555,1500.0,1446.9921517835728,1500.0
Date-Krumm K.,1451.3411393233932,1447.0978965705945,1475.066122314804,1500.0
Grabher J.,1451.2500242078652,1536.1460789051098,1409.8150628987119,1451.9965123931154
Smitkova T.,1450.926720357077,1428.0555409774581,1483.099356165658,1458.712413899341
Nagy K.,1450.684236637874,1460.4988810129068,1485.9163164762724,1500.0
Morigami A.,1450.44777953882,1459.4948584365093,1450.84147565456,1492.2948312211618
Yang Z.,1450.3068954436121,1500.0,1439.3257356305473,1500.0
Kichenok L.,1450.2261542311103,1500.0,1453.448759187991,1488.265321944822
Stosur S.,1450.144206978424,1649.051203829625,1455.2755004616606,1449.795528451384
Glushko J.,1450.1403577759734,1457.424559553206,1448.4373165123802,1475.7796389565863
Senoglu I.,1450.1350380144536,1448.9452430625895,1500.0,1500.0
Serban R.,1450.1153877620122,1445.1799022619482,1500.0,1500.0
Lu J.J.,1449.915558446525,1500.0,1451.4993237791348,1500.0
Oprandi R.,1449.8692651201989,1477.4052683910572,1472.641430807416,1446.0828832992681
Palicova B.,1449.8097554094009,1482.232860085854,1465.9006350999034,1500.0
Groenefeld A.L.,1449.807259744945,1471.7805506834497,1454.2820649246944,1415.144078871188
Moore J.,1449.8003215344768,1500.0,1446.125271293073,1500.0
Bulgaru M.,1449.661180300946,1447.72158402361,1500.3748723932463,1500.0
Kiick A.,1449.3995034826482,1494.289990531309,1423.3814891487484,1500.0
Yonemura T.,1449.2252105398557,1500.0,1449.739633357442,1500.0
Czink M.,1449.1355862866264,1418.08272571777,1461.140644163997,1517.0181276359021
Piedade F.,1449.0713607942994,1456.4335828231474,1500.0,1500.0
Gadecki O.,1448.9176751502237,1454.6571228299606,1499.3313858347874,1427.792029070885
Bremond I.,1448.867671377189,1495.4253185408372,1441.801957276971,1500.0
Hrdinova E.,1448.7733572763682,1498.1739808271332,1463.0302643673758,1477.2902601983599
Zaja A.,1448.7521307941952,1474.374927202857,1475.2262741184136,1476.0
Marino R.,1448.6445969875874,1478.8137379512962,1417.639231255916,1454.1392280870123
Rezai A.,1448.636352038172,1526.0039360012813,1484.173836216789,1506.3935278148097
Holland I.,1448.6263393534566,1500.0,1445.9602277768383,1500.0
Nunez Fuentes V.,1448.6119443548414,1453.8143961279627,1500.0,1500.0
Feuerstein C.,1448.452275665029,1438.3393641335597,1463.4095213495839,1500.0
Kim S.J.,1448.3824045065426,1500.0,1442.4777708376726,1500.0
Lizarazo Y.,1448.107784250578,1451.0161788822631,1500.0,1500.0
Papamichail D.,1448.059698796374,1470.827057915468,1470.7898745065688,1500.0
Jang S.,1448.055415744977,1500.0,1433.1986909710502,1500.0
Smashnova-Pistolesi A.,1447.8567841696236,1475.4017909302645,1500.0,1476.0
Vaidisova N.,1447.3580314182877,1467.3213890551706,1486.6733164055668,1589.3429476640554
Savinykh V.,1447.318941944422,1466.2880131668394,1461.1011243888079,1482.8242341802202
Zheng W.,1447.0917043124246,1500.0,1443.433668794114,1500.0
Paszek T.,1446.4795115528261,1348.2458433921022,1421.9843811708547,1541.3373452389924
Fossa Huergo N.,1446.0620773013745,1463.086175347939,1483.8999890673851,1500.0
Jugic-Salkic M.,1445.9932166987346,1452.065399981938,1496.1785304370903,1500.0
Camerin M.E.,1445.981769368865,1425.7315796586747,1427.0651499792957,1360.1003379790975
Foretz S.,1445.4078060243335,1452.745230545387,1419.2799669918304,1449.2304431040516
Prozorova T.,1444.5823044722872,1496.566579716465,1436.3288044485294,1500.0
Plipuech P.,1444.1963121216859,1500.0,1435.7882924621174,1500.0
Schultz McCarthy B.,1444.0333159477048,1500.0,1454.4825464829592,1484.0
Falconi I.,1443.862482785956,1543.2858532537823,1403.805299468697,1452.0802865375658
Zhang Yux.,1443.4886531157204,1500.0,1443.2998330315434,1500.0
Bondarenko K.,1443.397382929212,1375.9899641133802,1511.2123250031161,1499.093639275887
Oz I.,1443.3423106292087,1469.211494015403,1458.637014349008,1500.0
Soylu I.,1443.2673970512985,1439.460926751803,1475.5675812207521,1500.0
Betova M.,1442.963397395887,1500.0,1459.1704971806607,1477.9811288559897
Liang E.S.,1442.3671391764226,1487.9227958103577,1451.533769617331,1500.0
Lu J.,1442.1065435145404,1500.0,1442.7224516713964,1500.0
Zacarias M.,1441.938462380866,1465.5844169340598,1470.6418428906209,1500.0
Parrizas Diaz N.,1441.8359458196935,1418.9550395387237,1488.1595833937965,1416.1830354690012
Badosa Gibert P.,1441.3047340555177,1482.983212314388,1446.690135076469,1483.322417315222
Rodionova A.,1441.0842975775927,1420.830544374915,1430.4698604341559,1459.4134056147855
Bachmann A.,1441.0000798703593,1498.9220024347514,1428.814366125729,1500.0
Hatouka Y.,1440.8758142624692,1468.4651546596997,1486.1372133835662,1463.6817572004954
Harkleroad A.,1440.7058184625064,1452.9691616132252,1478.8853432174678,1459.3731132876383
Spears A.,1440.679184379349,1492.1252677870618,1453.5675735343439,1467.3920097878445
Silva N.,1440.610368828842,1452.9692633264,1479.6794080498676,1487.5999679661782
Stevenson A.,1440.2780164656085,1475.2235503217819,1471.581161365457,1483.953236781381
Brianti A.,1440.043147535939,1450.5211597332284,1456.5955658965165,1374.268140903732
Hozumi E.,1439.5460838492363,1500.0,1442.2946838480916,1484.5517839882614
Melzer I.,1439.3600108174523,1435.4726779569064,1478.6987498475241,1500.0
De Los Rios R.,1439.2425173988074,1409.7520057879497,1442.1358302159367,1492.4441523147511
Oudin M.,1439.108375976537,1440.6006283166562,1408.3010841156492,1531.1961178917738
Sadikovic A.,1438.950439020686,1477.685357471338,1451.773818632302,1496.323909812914
Cepelova J.,1438.8936851992526,1488.13970126977,1411.1848262454948,1491.9767019011372
Laine E.,1438.7171723411927,1476.2186510703082,1458.3778410653101,1500.0
Gorgodze E.,1438.4629692195379,1454.960457980599,1459.8564699696092,1473.2211694702114
Chang K.C.,1438.1481117000822,1419.0304556906483,1470.2211281868972,1400.891079193312
Hobgarski K.,1437.9966338290242,1431.0518472680426,1500.0,1500.0
Bara I.,1437.93564935071,1452.0203028172273,1428.0561285275808,1500.8299554771806
Brancaccio N.,1437.6811207185044,1421.0404573775415,1500.0,1500.0
Brodsky G.,1437.5481607906604,1500.0,1426.520421183889,1500.0
Lemoine Q.,1437.2418446816514,1445.671372565609,1483.2976887426641,1500.0
Mladenovic K.,1437.0289725731411,1463.5453908285588,1514.1454840082545,1559.0561953341485
Webley-Smith E.,1436.9759642598583,1500.0,1465.8375847634165,1461.7587047682312
Farhad K.,1436.6326244152044,1500.0,1436.0018871785662,1500.0
Keothavong A.,1436.386593422534,1432.3537832435293,1485.4788463344505,1398.294987070902
Gallovits E.,1436.2743076500813,1484.6433850950693,1421.691500400581,1410.5665940797596
Hogenkamp R.,1435.7301563416554,1477.3489292225777,1423.2036630709308,1464.295166714408
Lalami N.,1435.2808442036107,1448.7577427570984,1489.9555606538245,1500.0
Tikhonova A.,1435.0296993378445,1469.6961461143678,1472.9299609329332,1488.1109307306867
Laisne K.,1434.8943311712462,1451.8847043923613,1484.0,1500.0
Tu M.,1434.6405282007245,1502.5108025907994,1423.1989829351442,1502.7281927596514
Loit E.,1434.6123959560748,1465.4645012677292,1435.4201822568189,1502.5041725654291
Birnerova E.,1434.4623779353396,1392.1254008473898,1445.7847975689565,1489.4393305656947
Puchkova O.,1434.2121573746454,1452.0927524843082,1443.2015048526978,1463.8302072063686
Kerkhove L.,1434.1113331858899,1448.1910496052171,1480.8414049207515,1462.4196598446774
Jaksic J.,1434.084035361676,1457.1623139529015,1485.8893159701595,1465.3059263265027
Robson L.,1434.0253603163233,1507.4137111264658,1472.181376620312,1441.0133941254508
Wienerova L.,1433.7761328059573,1471.132674057131,1451.1714494843272,1500.0
Fujiwara R.,1433.3285902987066,1485.313358951352,1442.5249722708882,1480.9021081561427
Buyukakcay C.,1433.1228082798968,1446.0853148225933,1420.8726073848488,1473.5308582207101
Lepchenko V.,1432.8225107754188,1438.443207822135,1444.5388770656452,1395.0969162565748
Bektas E.,1432.7840512038906,1492.5893465011868,1393.2608712863534,1489.3770433373686
Ozgen P.,1432.7787061508197,1423.2680072582136,1496.717543683487,1500.0
Medina Garrigues A.,1432.7547230132152,1553.0262192709151,1396.449596008946,1469.072552397111
Doi M.,1432.5883217153907,1397.7812027668506,1473.897153902903,1455.9493696658678
Di Lorenzo F.,1432.5720590994013,1411.676162250155,1486.004796696869,1500.0
Jorovic I.,1432.1323472033303,1425.6969082247979,1451.3000301717018,1508.687675502058
Majeric T.,1431.0671842693487,1458.859893328006,1456.8075840965112,1500.0
Gao X.,1430.5273874181848,1500.0,1423.7999328184478,1500.0
Arconada U.M.,1430.5212298754245,1467.0287982997838,1441.3330652372013,1500.0
Rodriguez V.,1430.1161200016747,1471.8689436005843,1441.6075531795373,1500.0
Hartono A.,1430.0662311236588,1465.3143560308617,1436.3081647119375,1491.4590734658914
Kato M.,1429.766834093466,1462.785198793717,1460.6260367087737,1485.4708113292982
Eguchi M.,1429.293780099463,1501.7544521409238,1420.2380415942753,1500.0
Mchale C.,1428.9271699854207,1435.6813994527051,1493.6522852750852,1386.8208645247864
Hermoso X.,1428.826736993478,1467.7727486838312,1447.2303997621436,1500.0
Chirico L.,1427.7029741508857,1474.8877793032689,1404.0814345820072,1453.1450563032063
Jeanjean L.,1427.6100818340374,1548.4418524551818,1352.46617693041,1455.711672025093
Murray S.,1427.2820718737898,1500.0,1483.8691974339806,1417.6142686121786
Pereira T.,1427.153884516376,1469.7405500263865,1442.6053896390833,1426.644520772478
Jones S.,1427.1278277580523,1492.6861470922909,1426.5982041376992,1500.0
Zhang L.,1427.0734145515128,1500.0,1415.3691511375587,1500.0
Tulyaganova I.,1426.1088194860833,1500.0,1426.7290422030032,1500.0
Pratt N.,1426.0332441497283,1444.433352428174,1442.0912568346969,1500.8621061094316
Vakulenko J.,1425.8954616489436,1436.4498237203015,1492.4508433823903,1465.387432833946
Kucova K.,1425.425417032921,1423.5849398702414,1446.286451193599,1482.561484096515
Cecil M.,1425.0166611649386,1462.8339107030895,1446.6869855468399,1500.0
Klepac A.,1423.5252143211687,1487.1778961226564,1389.4069737405582,1500.0
Olaru R.,1423.4594476924983,1444.446970866462,1500.0,1484.2501344384968
Rodionova Ar.,1423.1822330374366,1443.0686183245878,1402.4285804076512,1476.8196337269444
Kuwata H.,1423.1349747897746,1481.0666421347921,1431.5045776262107,1500.0
Xu S.,1422.7351399773718,1472.1227115760173,1445.1862292111648,1500.0
Luangnam N.,1422.6436733544292,1500.0,1417.4260056143703,1500.0
El Allami Zhara F.,1422.1231177883606,1417.7689241129372,1500.0,1500.0
Von Deichmann K.,1422.1216732573896,1478.6860417609735,1437.5824437468411,1500.0
Ozaki R.,1422.1184984032382,1455.6803218416849,1441.8735913517753,1447.8562309674958
Cohen J.,1421.332485058168,1456.2510434523924,1449.8551351556048,1500.0
Castano C.,1420.5495252275277,1461.82823950118,1401.529657844331,1452.07307338081
Rolle A.,1420.045858979141,1449.5624966372939,1453.6534603431205,1500.0
Hibino N.,1419.4291013133482,1378.1582352494856,1456.715861080854,1380.2278694977347
Irigoyen M.,1419.3777328669737,1458.6777290973764,1449.4532318118581,1500.0
Mayr P.,1418.9033991159017,1408.7881329296656,1448.4248584269358,1419.2434526030077
Danilina A.,1418.6323145544986,1493.3744123080428,1436.4226495476805,1477.8837114650669
Minella M.,1418.5581485369466,1450.409600628082,1411.9986267782535,1407.972339130469
Inglis M.,1418.4466364227096,1479.7072468291242,1433.0847193590917,1449.2086308001792
Sema E.,1418.3374289808687,1500.0,1408.2688079578038,1500.0
Dabrowski G.,1417.8951317650567,1489.131102858948,1417.3117118683836,1500.0
Mitu A.,1417.3784959328002,1479.4987808010674,1394.5496019787613,1446.4632071199896
Jang S.J.,1416.4661958376569,1500.0,1407.856771103664,1500.0
Obziler T.,1416.2465873364094,1423.06000445018,1517.0156772531582,1440.3902155383878
Kutuzova V.,1416.0759679572107,1497.0908888132328,1397.0136468349044,1437.6232001814196
Al Nabhani F.,1415.4287650472154,1500.0,1405.0605198613873,1500.0
Sucha M.,1415.2214444563933,1452.9916676683538,1476.6738656071773,1476.0045725937234
Bremond S.,1414.9715030730842,1390.8289810836777,1474.9975490410786,1396.4810965621377
Salerni M.E.,1414.7992219650619,1461.0982980051494,1438.6677554443854,1500.0
Adamczak M.,1414.6345667693754,1501.8810945847044,1397.1160937690265,1500.0
Sherif M.,1414.519831820007,1537.0908877558322,1298.9219262841966,1435.4517178690028
Paquet C.,1414.0997941236112,1488.4516840435379,1324.3522130131778,1480.0424416976932
Lim A.,1413.7491524864915,1398.7077323849994,1480.1856640627345,1500.0
Kania P.,1413.3997925171016,1467.1012654014924,1447.6593216982458,1465.0552124258932
Yuan M.,1413.063210402148,1460.444855018018,1449.23895418326,1459.696715493245
Zhao C.,1412.4380049438776,1473.6797375555457,1420.0861101582043,1472.857362886708
Malek T.,1412.148689517726,1380.4260967843816,1426.9256293638402,1466.1286289583513
Pavlovic I.,1412.050171034805,1441.2719459652046,1456.5919315663743,1500.0
Karatantcheva S.,1411.562946309007,1440.2757437314528,1442.7195332192034,1479.5275929142852
Klaffner M.,1411.5331705228284,1444.522864414671,1456.238622075041,1500.0
Cravero J.,1411.4631733139179,1485.013165692301,1419.754586989184,1480.594730612713
Barrois K.,1411.3484808897308,1524.0074597575015,1348.376057011812,1487.5298427366038
Amanmuradova A.,1410.8311213642885,1413.3668380047257,1421.37606949619,1376.3133541780905
Pelletier M.E.,1410.7245256811445,1483.2723543213515,1416.0004472170308,1500.0
Piter K.,1410.0004104986083,1443.762075809127,1440.3347695874816,1469.3489879722351
Bratchikova N.,1409.0859263274244,1397.5624143973482,1475.4654086820838,1442.943609281093
Govortsova O.,1408.6985826676655,1321.9551525275301,1465.214171723035,1435.2705496160102
Min G.,1408.616012168001,1416.3407536221616,1429.213376257337,1472.1473124059348
Lao D.,1408.4160363847466,1500.0,1436.9430617046048,1449.0886799486798
Zavatska K.,1408.3609743934087,1419.509955998258,1448.0920467970157,1500.0
Bychkova E.,1407.700253993873,1382.2322644112985,1453.2458485598793,1438.833983523196
Granville L.,1407.1257452551768,1438.974184850036,1405.3428312014025,1535.4366382766962
Mestach A.S.,1405.191717761251,1483.7309986024472,1428.7669274259117,1467.6066183713226
Hesse A.,1405.0421367694616,1391.9376967095304,1459.7248564619683,1475.2865054939964
Kostova E.,1403.9644394162474,1462.191923376678,1404.5053312138696,1500.0
Jackson J.,1403.4570495081587,1476.1373369271444,1426.0488175643982,1463.4877872574161
Yan Z.,1402.4029930051902,1438.831654598256,1455.9281706981144,1436.1772554400109
El Tabakh H.,1402.042317577396,1468.9305358679396,1423.0842066774176,1500.0
Jani R.L.,1402.032573010157,1404.241456345233,1462.4678125551734,1500.0
Raina A.,1402.0116258599123,1470.2986865481046,1414.7481977582638,1467.5685147372149
Sharipova S.,1401.9938720391854,1500.0,1402.929190137942,1500.0
Barthel M.,1401.3567412870088,1437.0843849366172,1518.697943157057,1369.7522327243164
Shaughnessy M.,1401.0780562054629,1524.4705727651326,1379.3967960442596,1476.6513106064758
Santangelo M.,1400.478756768692,1424.7618780939501,1431.1475594440083,1530.8301621122353
Abduraimova N.,1399.7239277339595,1468.1042036213735,1419.269270623244,1500.0
You X.,1398.639301823458,1465.6142999572173,1412.9976682090517,1500.0
Andrianjafitrimo T.,1397.5212567697058,1417.3995294577453,1472.6638365246715,1500.0
Gatto-Monticone G.,1396.1359474312874,1417.763999544741,1463.1630187186263,1469.4848573322881
Savchuk O.,1396.0044434136846,1426.1035666644614,1391.7390617780015,1484.4117602457818
Albanese L.,1395.0610715939029,1484.1425741591513,1406.2446205784122,1500.0
Craybas J.,1395.012195143157,1416.122920931582,1406.008065881766,1381.4591017611838
Muhammad A.,1394.6182168335465,1452.5512926024012,1426.8130407578838,1471.9885372755398
Bassols M.,1394.3556672416305,1453.2730223984343,1409.9313417399287,1500.0
In-Albon Y.,1393.7222302124517,1405.2788131031089,1484.0,1484.818667262668
Tatishvili A.,1393.6314812806488,1454.6098667348224,1401.9475979701112,1438.0737881151827
Osterloh L.,1392.6922400954306,1408.886813411605,1422.3561700387295,1486.4700143495152
Dzehalevich E.,1392.4905706516072,1449.765451010373,1440.2549648563318,1483.9662626873287
Perrin C.,1391.8594928002783,1411.0546639264526,1467.793510592744,1483.0424852599924
South M.,1391.1713926177908,1473.8466286717278,1466.4069398852907,1414.4406903670317
Bovina E.,1390.8114067138606,1487.0915225929948,1387.2045440682632,1483.263693206478
Fourlis J.,1390.1976668014904,1449.6207372990943,1400.1621297529289,1490.7479156559443
Soler-Espinosa S.,1389.731314834516,1410.640931479062,1433.957608743813,1500.0
Ani M.,1389.552029720231,1452.8399770120052,1407.6437060536057,1479.4922030351058
Riske-Amritraj A.,1389.3405924636222,1479.7020419669575,1404.9999378030082,1469.973315598779
Sanders S.,1388.1091440391665,1436.3323098123608,1401.206995957489,1486.6244214301723
Grammatikopoulou V.,1387.054094018467,1417.5992614742675,1453.424820834625,1484.492389428982
Koehler M.J.,1386.0233698492104,1390.1424977605093,1490.7947674746408,1475.562855566869
Xu Y.F.,1383.8702715602362,1471.9529693395964,1391.9341177309093,1486.7818496654495
Sanchez A.S.,1383.8321906267406,1450.3101042327366,1411.888795790083,1500.0
Osuigwe W.,1381.9333855319148,1485.2961236232618,1376.058500383856,1500.0
Day K.,1381.9304997523902,1435.918965823626,1401.4430128717393,1485.3807170925036
Sromova H.,1380.1280031359777,1468.736306793522,1403.0693537869117,1500.0
Poutchkova O.,1380.1244365393482,1486.6878832284083,1399.3902600575495,1447.6489185102118
Mrdeza T.,1379.7038984091166,1400.5911728639774,1457.6868463512067,1500.0
Poutchek T.,1378.7288311719803,1456.8446320846897,1383.030763312008,1490.0383733540993
Kremer A.,1377.3977949494679,1432.7258547431575,1397.7534270505328,1461.1022304885391
Perry S.,1377.2952516172181,1441.1410222271277,1382.85954152627,1470.9740860511642
Gullickson C.,1377.148154370522,1427.3486698653317,1444.1405039438546,1484.0
Coin J.,1376.9752410621475,1409.6720813691807,1423.1539158030769,1401.7421524201704
Beygelzimer Y.,1376.9191374066302,1414.7537668008356,1432.7904751697074,1481.7159797977818
Haas B.,1376.379812143015,1393.6088490015907,1439.0042122250786,1500.0
Sanchez O.,1374.9907833404698,1414.765685455326,1423.5243000881762,1500.0
Muller M.,1372.3754432836922,1444.0525402449418,1348.4425439738693,1475.9105993204732
Loeb J.,1370.8976559116486,1458.986111923725,1392.7288684284752,1489.017463933327
Yakimova A.,1370.0466953422215,1364.8862271262044,1379.7703643424113,1448.2371860914368
Jidkova A.,1368.756846361873,1436.7451403183993,1409.6924446116811,1500.0
Kostanic Tosic J.,1368.2235896036248,1400.0695568517172,1440.6760260690737,1474.895539809717
Zahlavova S.,1367.240245300622,1386.7269028261503,1408.9183886665944,1443.9455792989631
Babos T.,1367.1970024683715,1369.5818064565442,1437.5878854817004,1384.7822921411027
Diatchenko V.,1366.4901932939333,1468.1140568209985,1354.7597915134195,1446.9683202806666
Kichenok N.,1365.833664129936,1404.0949449518637,1415.2246648100072,1508.6786841399353
Dentoni C.,1365.1995440302176,1399.5704376741999,1436.0516022532802,1500.0
Fichman S.,1363.9940801444309,1403.2208468552644,1442.6448272897792,1458.9810919346025
Schruff J.,1363.9400723778203,1421.0267600737218,1394.949236978504,1476.0
Gagliardi E.,1363.7766082667576,1462.9187931560998,1396.7757834283918,1476.0
Fedossova Y.,1361.78978985993,1447.8621631830356,1423.453067844856,1467.4734260221207
Cabrera L.,1361.1911540753513,1464.700771854047,1365.5852576919567,1501.108364958777
Glatch A.,1361.0996687122092,1431.481112710686,1384.99357060677,1444.0703334366403
Pivovarova A.,1359.5621954785497,1485.7647367712348,1360.5675739973585,1461.160455918114
Nakamura A.,1358.8690141237616,1449.3395676075281,1343.9171580825798,1464.8158746467702
Khromacheva I.,1358.6705079190779,1436.061046276318,1419.2126250346548,1476.0
Melnikova M.,1357.374725404447,1398.838893932856,1436.8393249557876,1461.3463865939686
Perez E.,1355.565421850851,1464.3788820899063,1390.6682953067368,1461.104460190283
Zec Peskiric M.,1355.129711954723,1408.5485719459452,1421.8856235546764,1477.4204965194463
Daniilidou E.,1354.7818304369393,1368.2496715035736,1385.354044693452,1424.9641158733793
Bardina V.,1354.7425632672348,1413.6288826303512,1475.6488869305392,1445.7900075523091
Voegele S.,1354.5119298847321,1420.1575910940667,1362.9132236850583,1330.5521618491862
Cadantu A.,1353.7746339233768,1387.5821301732242,1411.3246602679326,1435.4366478722363
Domachowska M.,1352.2943320010047,1415.9055785917617,1385.8751940900443,1476.914791474237
Kloesel S.,1346.837117769447,1395.2243400791908,1420.1448492382833,1475.90061358353
Woerle K.,1342.8225848715135,1421.5626733691981,1385.4472755667362,1500.0
Voracova R.,1341.0509059240314,1437.5958824888332,1339.2351040793226,1452.9944918748263
Ditty J.,1340.3116878793212,1421.8231050477555,1384.7005945133358,1442.6607431190596
Ferguson S.,1334.670555723658,1499.9363216044542,1319.37679087962,1480.5442726853228
Fedak Y.,1333.9017773756068,1398.26545640562,1341.371407996936,1515.2975328274754
Ondraskova Z.,1331.9869627579876,1403.9373374490633,1420.6244613464662,1438.9602609224567
Sun T.T.,1329.9996913208013,1408.8068190330514,1405.8944163881513,1461.104460190283
Rogowska O.,1327.839697430187,1434.603745702119,1344.7988104347655,1484.6118607456658
Dubois S.,1325.693898806883,1366.532016468495,1357.5102613020101,1411.0466664387238
Namigata J.,1320.9368769036391,1480.9450539344637,1328.5409445765054,1500.0
Lertcheewakarn N.,1317.0824968587256,1500.0,1345.055272081449,1448.567731272241
O'Brien K.,1303.3689983132942,1391.6173610766211,1423.05616691222,1375.4769011985647
